time,open,high,low,close,volume,symbol
2018-03-21,12.96,12.96,8.46,9.41,515800,GVR
2018-03-22,9.5,9.76,8.81,9.41,260800,GVR
2018-03-23,9.16,9.16,8.64,9.07,111800,GVR
2018-03-26,8.81,9.07,8.81,8.9,267800,GVR
2018-03-27,9.33,9.5,9.07,9.41,52200,GVR
2018-03-28,9.41,10.19,9.33,9.93,139800,GVR
2018-03-29,10.11,10.62,9.85,10.28,587200,GVR
2018-03-30,10.71,11.23,9.76,10.62,540800,GVR
2018-04-02,10.8,11.23,10.8,11.14,348000,GVR
2018-04-03,11.14,11.23,10.8,10.88,421300,GVR
2018-04-04,11.06,11.06,10.36,10.36,216100,GVR
2018-04-05,10.54,10.71,9.67,9.76,166200,GVR
2018-04-06,10.19,10.19,9.5,9.59,165600,GVR
2018-04-09,9.33,9.33,9.16,9.33,78200,GVR
2018-04-10,9.16,9.67,9.07,9.59,102000,GVR
2018-04-11,9.33,9.67,8.98,9.16,332300,GVR
2018-04-12,9.16,9.41,8.98,9.41,192400,GVR
2018-04-13,9.5,9.5,9.16,9.16,81100,GVR
2018-04-16,9.16,9.24,9.07,9.07,102600,GVR
2018-04-17,8.98,9.33,8.98,9.33,159800,GVR
2018-04-18,9.33,9.41,9.16,9.24,83800,GVR
2018-04-19,9.16,9.24,8.98,9.24,165400,GVR
2018-04-20,9.16,9.24,8.98,9.16,76100,GVR
2018-04-23,9.16,9.16,8.81,9.16,211500,GVR
2018-04-24,8.64,8.98,8.64,8.9,21100,GVR
2018-04-26,8.81,8.9,8.64,8.64,102600,GVR
2018-04-27,8.81,8.9,8.64,8.72,82200,GVR
2018-05-02,8.64,8.64,8.64,8.64,59200,GVR
2018-05-03,9.24,9.24,8.64,9.07,56200,GVR
2018-05-04,8.64,8.98,8.64,8.9,5500,GVR
2018-05-07,8.9,8.98,8.64,8.72,130900,GVR
2018-05-08,8.64,8.9,8.55,8.64,98300,GVR
2018-05-09,8.64,8.72,8.55,8.72,166300,GVR
2018-05-10,8.55,8.81,8.46,8.64,122500,GVR
2018-05-11,8.64,8.64,8.46,8.55,155800,GVR
2018-05-14,8.55,8.55,8.29,8.55,122000,GVR
2018-05-15,8.55,8.64,8.38,8.64,111100,GVR
2018-05-16,8.46,8.46,8.46,8.46,39000,GVR
2018-05-17,8.55,8.64,8.46,8.46,73100,GVR
2018-05-18,8.64,8.64,8.55,8.64,67100,GVR
2018-05-21,8.55,8.64,8.55,8.55,144400,GVR
2018-05-22,8.64,8.64,8.46,8.46,212200,GVR
2018-05-23,8.46,8.46,8.21,8.21,87700,GVR
2018-05-24,8.29,8.38,8.21,8.29,42700,GVR
2018-05-25,8.29,8.38,8.12,8.12,33000,GVR
2018-05-28,8.12,8.21,7.6,7.69,194500,GVR
2018-05-29,7.6,7.86,7.6,7.69,48100,GVR
2018-05-30,7.6,7.6,7.34,7.34,204200,GVR
2018-05-31,7.51,7.69,7.51,7.69,70800,GVR
2018-06-01,7.6,7.69,7.51,7.6,48200,GVR
2018-06-04,7.6,7.77,7.51,7.6,52900,GVR
2018-06-05,7.6,7.6,7.26,7.26,201900,GVR
2018-06-06,7.34,7.34,7.26,7.26,187800,GVR
2018-06-07,7.26,7.6,7.26,7.6,144800,GVR
2018-06-08,7.34,7.34,7.17,7.26,136900,GVR
2018-06-11,7.26,7.34,7.26,7.26,60400,GVR
2018-06-12,7.26,7.26,7.08,7.17,112600,GVR
2018-06-13,7.17,7.26,7.17,7.26,33700,GVR
2018-06-14,7.17,7.17,6.56,6.91,182100,GVR
2018-06-15,7.0,7.0,6.91,6.91,95300,GVR
2018-06-18,6.91,6.91,6.22,6.91,106100,GVR
2018-06-19,6.74,6.74,5.79,5.96,166500,GVR
2018-06-20,6.31,7.0,6.31,6.91,161400,GVR
2018-06-21,6.91,6.91,6.56,6.91,141300,GVR
2018-06-22,6.65,7.0,6.56,6.74,247200,GVR
2018-06-25,6.91,7.0,6.74,7.0,231700,GVR
2018-06-26,6.82,7.17,6.74,7.17,47800,GVR
2018-06-27,7.17,7.95,7.17,7.86,295200,GVR
2018-06-28,7.86,7.95,7.51,7.77,59600,GVR
2018-06-29,7.86,7.86,7.6,7.69,64400,GVR
2018-07-02,7.69,7.69,7.6,7.6,30200,GVR
2018-07-03,6.82,7.51,6.82,7.51,32300,GVR
2018-07-04,7.26,8.21,7.26,7.86,139400,GVR
2018-07-05,7.69,7.86,6.82,7.34,200300,GVR
2018-07-06,7.17,7.34,7.17,7.34,90000,GVR
2018-07-09,7.34,7.43,7.34,7.43,20500,GVR
2018-07-10,7.08,7.34,7.0,7.34,69100,GVR
2018-07-11,7.17,7.17,7.0,7.17,472100,GVR
2018-07-12,7.17,7.17,6.91,6.91,64000,GVR
2018-07-13,7.17,7.17,7.08,7.08,372000,GVR
2018-07-16,7.08,7.08,6.91,7.08,187000,GVR
2018-07-17,6.91,6.91,6.74,6.82,33900,GVR
2018-07-18,7.08,7.08,6.82,6.82,27200,GVR
2018-07-19,6.74,6.82,6.48,6.82,101800,GVR
2018-07-20,6.82,7.51,6.82,7.51,114400,GVR
2018-07-23,7.51,7.69,7.34,7.51,500,GVR
2018-07-24,7.08,7.08,7.0,7.0,43000,GVR
2018-07-25,7.43,7.43,7.0,7.08,60200,GVR
2018-07-26,7.08,7.34,7.08,7.34,882600,GVR
2018-07-27,7.08,7.34,7.08,7.08,246900,GVR
2018-07-30,7.08,7.08,7.0,7.08,5400,GVR
2018-07-31,7.0,7.08,6.91,6.91,74900,GVR
2018-08-01,6.91,7.08,6.91,7.08,81600,GVR
2018-08-02,7.0,7.0,7.0,7.0,4400,GVR
2018-08-03,7.0,7.08,7.0,7.08,10800,GVR
2018-08-06,7.08,7.08,7.08,7.08,2800,GVR
2018-08-07,7.08,7.17,7.08,7.08,68600,GVR
2018-08-08,7.0,7.08,6.91,7.08,52000,GVR
2018-08-09,7.08,7.08,7.0,7.0,16800,GVR
2018-08-10,6.91,7.0,6.91,6.91,41900,GVR
2018-08-13,6.91,7.0,6.91,6.91,900,GVR
2018-08-14,7.0,7.0,6.91,6.91,25800,GVR
2018-08-15,7.0,7.0,6.91,7.0,235000,GVR
2018-08-16,6.82,6.82,6.82,6.82,105700,GVR
2018-08-17,6.82,7.08,6.82,6.82,60600,GVR
2018-08-20,6.82,6.91,6.74,6.82,72300,GVR
2018-08-21,6.82,6.91,6.74,6.91,37800,GVR
2018-08-22,6.82,6.91,6.82,6.91,11200,GVR
2018-08-23,6.91,6.91,6.91,6.91,8800,GVR
2018-08-24,6.91,6.91,6.91,6.91,16500,GVR
2018-08-27,6.91,6.91,6.91,6.91,16300,GVR
2018-08-28,6.82,7.0,6.74,6.91,42100,GVR
2018-08-29,6.91,6.91,6.91,6.91,7600,GVR
2018-08-30,7.08,7.77,6.91,7.17,1460300,GVR
2018-08-31,7.17,7.17,6.91,6.91,225500,GVR
2018-09-04,7.0,7.08,7.0,7.0,19000,GVR
2018-09-05,6.91,6.91,6.74,6.91,29500,GVR
2018-09-06,6.82,6.91,6.74,6.82,19000,GVR
2018-09-07,6.91,6.91,6.82,6.82,11600,GVR
2018-09-10,6.82,6.82,6.82,6.82,15000,GVR
2018-09-11,6.82,7.0,6.82,6.82,241360,GVR
2018-09-12,6.91,6.91,6.82,6.82,163700,GVR
2018-09-13,6.82,6.91,6.74,6.82,12000,GVR
2018-09-14,6.82,6.91,6.82,6.91,158000,GVR
2018-09-17,6.82,6.82,6.74,6.82,346950,GVR
2018-09-18,6.82,6.82,6.74,6.82,86300,GVR
2018-09-19,6.82,6.82,6.74,6.82,19300,GVR
2018-09-20,6.91,6.91,6.82,6.82,45200,GVR
2018-09-21,6.91,7.26,6.91,6.91,68300,GVR
2018-09-24,7.08,7.17,7.0,7.08,53200,GVR
2018-09-25,7.0,7.17,7.0,7.08,47900,GVR
2018-09-26,7.26,7.34,7.17,7.17,92800,GVR
2018-09-27,7.26,7.26,7.08,7.08,16100,GVR
2018-09-28,7.17,7.26,7.17,7.17,31400,GVR
2018-10-01,7.34,7.6,7.26,7.6,87900,GVR
2018-10-02,7.69,8.03,7.69,7.69,111100,GVR
2018-10-03,7.86,8.98,7.86,8.98,275790,GVR
2018-10-04,9.93,9.93,8.81,9.16,225950,GVR
2018-10-05,9.07,9.5,8.46,8.46,270250,GVR
2018-10-08,7.95,8.64,7.95,8.64,106200,GVR
2018-10-09,8.64,8.81,8.29,8.81,67680,GVR
2018-10-10,8.72,8.81,8.55,8.55,1500,GVR
2018-10-11,8.46,8.46,7.43,7.6,220500,GVR
2018-10-12,7.6,8.21,7.6,8.21,50630,GVR
2018-10-15,8.81,8.9,7.95,8.12,70100,GVR
2018-10-16,8.64,9.24,8.03,8.03,294800,GVR
2018-10-17,8.21,8.21,7.95,7.95,26240,GVR
2018-10-18,8.03,8.03,7.95,8.03,5400,GVR
2018-10-19,7.86,7.95,7.77,7.77,8400,GVR
2018-10-22,7.77,8.03,7.77,8.03,2510,GVR
2018-10-23,7.77,8.12,7.77,7.77,3800,GVR
2018-10-24,7.77,7.86,7.43,7.86,19000,GVR
2018-10-25,7.69,7.69,7.51,7.6,23000,GVR
2018-10-26,7.34,8.21,7.34,8.12,295580,GVR
2018-10-29,7.77,8.55,7.77,8.21,58000,GVR
2018-10-30,7.95,8.21,7.95,8.12,12100,GVR
2018-10-31,8.21,9.07,7.95,8.21,123400,GVR
2018-11-01,8.03,8.03,7.77,8.03,64700,GVR
2018-11-02,8.03,8.03,7.43,7.77,171100,GVR
2018-11-05,8.64,8.64,7.69,8.12,52000,GVR
2018-11-06,8.12,8.21,8.12,8.12,80000,GVR
2018-11-07,8.12,8.12,7.77,7.86,546800,GVR
2018-11-08,8.9,8.9,8.03,8.29,40300,GVR
2018-11-09,8.46,8.55,7.86,8.03,132870,GVR
2018-11-12,7.77,8.12,7.77,7.86,160310,GVR
2018-11-13,8.03,8.12,7.86,8.12,7100,GVR
2018-11-14,8.21,8.9,7.86,7.95,72700,GVR
2018-11-15,8.55,8.64,8.21,8.29,24500,GVR
2018-11-16,8.03,8.21,7.86,7.95,55500,GVR
2018-11-19,8.03,8.29,7.86,8.29,58770,GVR
2018-11-20,8.03,8.38,7.95,8.21,49600,GVR
2018-11-21,8.03,8.38,7.95,8.12,38900,GVR
2018-11-22,8.21,8.21,7.95,8.21,62140,GVR
2018-11-23,8.21,9.07,8.12,8.29,142630,GVR
2018-11-26,8.21,8.38,8.21,8.29,32900,GVR
2018-11-27,8.38,8.38,8.12,8.12,8200,GVR
2018-11-28,8.03,8.03,8.03,8.03,9200,GVR
2018-11-29,8.03,8.03,8.03,8.03,9300,GVR
2018-11-30,8.12,8.12,8.03,8.03,48730,GVR
2018-12-03,8.12,8.21,8.03,8.21,15300,GVR
2018-12-04,8.03,8.21,8.03,8.03,11600,GVR
2018-12-05,8.21,8.21,8.03,8.03,26400,GVR
2018-12-06,8.03,8.21,8.03,8.21,13000,GVR
2018-12-07,8.03,8.21,7.95,8.03,28020,GVR
2018-12-10,7.95,8.12,7.95,8.12,24100,GVR
2018-12-11,7.95,8.03,7.77,7.95,276000,GVR
2018-12-12,7.86,7.86,7.86,7.86,300,GVR
2018-12-13,7.95,7.95,7.95,7.95,3200,GVR
2018-12-14,7.86,7.95,7.77,7.95,40000,GVR
2018-12-17,7.86,7.95,7.77,7.86,34000,GVR
2018-12-18,7.77,7.95,7.77,7.86,83000,GVR
2018-12-19,7.86,8.03,7.86,7.95,170300,GVR
2018-12-20,7.95,8.03,7.95,7.95,13600,GVR
2018-12-21,7.86,8.21,7.86,8.03,20200,GVR
2018-12-24,8.03,8.12,7.95,8.12,90030,GVR
2018-12-25,7.95,8.03,7.77,8.03,91800,GVR
2018-12-26,7.95,8.21,7.86,8.21,42900,GVR
2018-12-27,8.21,9.33,8.21,8.55,220920,GVR
2018-12-28,8.81,8.98,8.29,8.9,69500,GVR
2019-01-02,8.12,8.21,8.12,8.21,7900,GVR
2019-01-03,8.12,8.21,8.03,8.12,17600,GVR
2019-01-04,7.95,8.21,7.95,8.12,20830,GVR
2019-01-07,8.03,8.03,7.77,7.77,59700,GVR
2019-01-08,7.86,7.95,7.86,7.95,6300,GVR
2019-01-09,8.12,8.21,7.95,8.12,32100,GVR
2019-01-10,8.03,8.03,8.03,8.03,9870,GVR
2019-01-11,8.12,8.64,8.12,8.12,116200,GVR
2019-01-14,8.12,8.38,8.12,8.12,48800,GVR
2019-01-15,8.46,8.46,8.12,8.12,23900,GVR
2019-01-16,8.46,9.07,8.29,8.29,48700,GVR
2019-01-17,8.55,8.55,8.21,8.21,16000,GVR
2019-01-18,8.46,8.46,8.21,8.38,22100,GVR
2019-01-21,8.21,8.46,8.12,8.46,9200,GVR
2019-01-22,8.29,8.29,8.12,8.12,38400,GVR
2019-01-23,8.12,8.21,8.12,8.12,5200,GVR
2019-01-24,8.12,8.21,7.95,8.21,23010,GVR
2019-01-25,8.03,8.03,7.95,7.95,3500,GVR
2019-01-28,8.03,8.29,8.03,8.21,56000,GVR
2019-01-29,8.03,8.38,8.03,8.38,82500,GVR
2019-01-30,8.46,8.98,8.38,8.55,161000,GVR
2019-01-31,8.9,9.07,8.55,8.64,34700,GVR
2019-02-01,8.64,8.81,8.64,8.72,31700,GVR
2019-02-11,8.64,8.64,8.21,8.21,8700,GVR
2019-02-12,8.29,8.64,8.21,8.64,21300,GVR
2019-02-13,8.29,8.55,8.29,8.55,21200,GVR
2019-02-14,8.38,8.46,8.38,8.38,2900,GVR
2019-02-15,8.55,8.64,8.46,8.46,32950,GVR
2019-02-18,8.46,8.55,8.38,8.38,24000,GVR
2019-02-19,8.46,8.55,8.46,8.46,37500,GVR
2019-02-20,8.46,8.55,8.29,8.55,107900,GVR
2019-02-21,8.38,8.46,8.29,8.29,73500,GVR
2019-02-22,8.46,8.64,8.38,8.38,131000,GVR
2019-02-25,8.55,9.07,8.55,8.64,73900,GVR
2019-02-26,8.81,8.81,8.38,8.55,46300,GVR
2019-02-27,8.55,9.07,8.46,8.46,274100,GVR
2019-02-28,8.55,8.55,8.46,8.46,58300,GVR
2019-03-01,8.46,8.46,8.46,8.46,14100,GVR
2019-03-04,8.46,8.72,8.46,8.72,65500,GVR
2019-03-05,8.72,8.98,8.64,8.98,116140,GVR
2019-03-06,8.9,9.24,8.81,8.9,333400,GVR
2019-03-07,8.98,9.16,8.64,8.64,91001,GVR
2019-03-08,8.72,8.81,8.64,8.81,83409,GVR
2019-03-11,8.64,8.64,8.46,8.55,93300,GVR
2019-03-12,8.55,8.81,8.55,8.64,206700,GVR
2019-03-13,8.72,8.98,8.55,8.81,166300,GVR
2019-03-14,8.81,9.07,8.72,8.9,175300,GVR
2019-03-15,8.98,10.19,8.81,9.76,1093809,GVR
2019-03-18,9.76,10.62,9.76,10.02,594650,GVR
2019-03-19,10.19,10.28,9.5,9.5,336000,GVR
2019-03-20,9.5,9.93,9.24,9.76,533080,GVR
2019-03-21,9.76,10.97,9.76,10.8,1495070,GVR
2019-03-22,10.8,12.09,10.62,11.06,747600,GVR
2019-03-25,11.23,11.23,10.28,10.54,610250,GVR
2019-03-26,10.36,10.71,10.28,10.54,332100,GVR
2019-03-27,10.45,11.57,10.28,10.88,389330,GVR
2019-03-28,10.8,10.97,10.36,10.54,414859,GVR
2019-03-29,10.36,10.71,10.19,10.19,449200,GVR
2019-04-01,10.45,10.54,9.76,10.02,513854,GVR
2019-04-02,10.02,10.8,9.85,10.28,359420,GVR
2019-04-03,10.28,10.54,9.93,10.19,136112,GVR
2019-04-04,10.19,10.88,10.02,10.62,706804,GVR
2019-04-05,10.54,10.8,10.45,10.54,315111,GVR
2019-04-08,10.54,10.71,10.36,10.45,344404,GVR
2019-04-09,10.54,10.71,10.02,10.19,577980,GVR
2019-04-10,10.28,10.28,9.85,10.11,602900,GVR
2019-04-11,10.02,10.28,9.76,9.85,261100,GVR
2019-04-12,9.85,9.85,9.41,9.76,384751,GVR
2019-04-16,9.76,10.02,9.67,9.85,284850,GVR
2019-04-17,9.93,10.11,9.76,9.76,242980,GVR
2019-04-18,9.67,10.19,9.5,9.59,300100,GVR
2019-04-19,9.67,9.85,9.59,9.76,115200,GVR
2019-04-22,9.67,9.67,9.33,9.41,198920,GVR
2019-04-23,9.5,9.93,9.41,9.59,193830,GVR
2019-04-24,9.76,9.76,9.5,9.5,80720,GVR
2019-04-25,9.5,9.93,9.5,9.67,125900,GVR
2019-04-26,9.59,9.59,9.41,9.59,214540,GVR
2019-05-02,9.59,9.76,9.41,9.67,227210,GVR
2019-05-03,9.5,9.67,9.41,9.5,143210,GVR
2019-05-06,9.5,9.59,9.07,9.24,214900,GVR
2019-05-07,9.33,9.85,9.16,9.41,305800,GVR
2019-05-08,8.98,9.33,8.98,9.07,326500,GVR
2019-05-09,9.07,9.67,8.98,9.16,596000,GVR
2019-05-10,9.24,9.24,9.07,9.16,120001,GVR
2019-05-13,9.24,9.5,9.07,9.5,294685,GVR
2019-05-14,9.33,10.02,9.33,9.93,855971,GVR
2019-05-15,9.67,10.11,9.67,9.85,161740,GVR
2019-05-16,9.85,9.93,9.76,9.85,237250,GVR
2019-05-17,9.85,10.02,9.85,9.93,394711,GVR
2019-05-20,9.93,10.11,9.76,9.93,282082,GVR
2019-05-21,9.93,10.36,9.93,10.36,606100,GVR
2019-05-22,10.36,10.54,10.11,10.19,531842,GVR
2019-05-23,10.19,10.28,10.02,10.28,267865,GVR
2019-05-24,10.19,10.19,9.76,9.93,357337,GVR
2019-05-27,9.93,10.19,9.85,10.19,230532,GVR
2019-05-28,10.19,11.06,10.11,10.97,1251990,GVR
2019-05-29,11.23,11.23,10.71,10.71,567397,GVR
2019-05-30,10.88,10.97,10.62,10.8,381800,GVR
2019-05-31,10.62,10.62,10.02,10.11,635603,GVR
2019-06-03,10.11,10.19,9.59,10.02,558702,GVR
2019-06-04,10.02,10.11,9.85,10.02,203310,GVR
2019-06-05,9.93,10.19,9.85,10.02,230030,GVR
2019-06-06,10.11,10.71,10.11,10.71,991017,GVR
2019-06-07,10.71,11.66,10.71,11.66,3056130,GVR
2019-06-10,11.66,11.75,11.06,11.23,856187,GVR
2019-06-11,11.23,11.57,11.06,11.23,1071010,GVR
2019-06-12,11.31,12.09,11.14,11.75,2636146,GVR
2019-06-13,11.66,12.44,11.66,12.01,1673717,GVR
2019-06-14,11.92,12.09,11.4,11.57,1407731,GVR
2019-06-17,11.57,11.66,11.23,11.4,798833,GVR
2019-06-18,11.4,11.66,11.4,11.57,761047,GVR
2019-06-19,11.66,11.83,11.49,11.66,730852,GVR
2019-06-20,11.92,12.01,9.93,11.66,1058415,GVR
2019-06-21,11.66,11.66,11.23,11.49,914460,GVR
2019-06-24,11.23,11.49,10.88,11.06,979786,GVR
2019-06-25,11.06,11.06,10.71,11.06,487647,GVR
2019-06-26,10.88,11.23,10.88,11.06,459862,GVR
2019-06-27,10.97,11.23,10.8,10.97,564900,GVR
2019-06-28,10.88,10.97,10.62,10.88,333500,GVR
2019-07-01,10.88,11.06,10.8,11.06,266613,GVR
2019-07-02,10.97,11.4,10.8,11.31,893442,GVR
2019-07-03,11.23,11.4,11.14,11.23,679263,GVR
2019-07-04,11.23,11.4,11.14,11.23,428432,GVR
2019-07-05,11.23,11.83,11.23,11.75,1329028,GVR
2019-07-08,11.83,11.83,11.23,11.31,916931,GVR
2019-07-09,11.31,11.66,11.31,11.4,1032420,GVR
2019-07-10,11.4,11.75,11.4,11.66,1881870,GVR
2019-07-11,11.57,12.01,11.57,11.83,2098200,GVR
2019-07-12,11.83,11.92,11.57,11.57,796565,GVR
2019-07-15,11.57,11.66,11.4,11.49,530240,GVR
2019-07-16,11.57,12.09,11.57,11.92,2044110,GVR
2019-07-17,11.49,11.92,11.49,11.75,599004,GVR
2019-07-18,11.75,11.92,11.66,11.92,578070,GVR
2019-07-19,11.83,12.09,11.75,11.92,1221223,GVR
2019-07-22,11.92,12.44,11.75,12.26,2587667,GVR
2019-07-23,12.26,12.52,12.09,12.44,2127440,GVR
2019-07-24,12.44,12.96,12.44,12.96,4416170,GVR
2019-07-25,12.96,13.13,12.7,12.87,1993330,GVR
2019-07-26,12.78,12.78,12.44,12.61,1306575,GVR
2019-07-29,12.52,12.87,12.44,12.87,1392733,GVR
2019-07-30,12.78,13.13,12.61,12.61,1749362,GVR
2019-07-31,12.7,12.96,12.01,12.87,2176831,GVR
2019-08-01,12.78,12.87,12.61,12.78,918070,GVR
2019-08-02,12.78,13.47,12.61,13.39,3588142,GVR
2019-08-05,13.39,13.99,13.3,13.82,2440747,GVR
2019-08-06,13.73,15.12,13.47,14.51,3279060,GVR
2019-08-07,14.6,14.86,13.99,14.34,2001054,GVR
2019-08-08,14.38,14.82,14.38,14.56,1202941,GVR
2019-08-09,14.64,14.73,14.38,14.38,1033647,GVR
2019-08-12,14.29,14.56,13.85,14.12,1793426,GVR
2019-08-13,14.21,14.21,13.24,13.42,3042385,GVR
2019-08-14,13.59,13.77,13.24,13.59,836000,GVR
2019-08-15,13.15,13.85,12.98,13.77,1680821,GVR
2019-08-16,13.77,14.03,13.68,13.77,958722,GVR
2019-08-19,13.77,13.94,13.59,13.68,556650,GVR
2019-08-20,13.77,14.64,13.59,14.47,2107090,GVR
2019-08-21,14.47,14.56,14.12,14.21,1354115,GVR
2019-08-22,14.29,14.56,14.12,14.38,1067820,GVR
2019-08-23,14.38,14.47,13.94,14.12,855980,GVR
2019-08-26,14.03,14.38,13.85,14.12,1233815,GVR
2019-08-27,14.12,14.12,13.77,13.94,1490955,GVR
2019-08-28,13.94,14.12,13.77,13.94,559433,GVR
2019-08-29,13.85,14.03,13.42,13.5,1186435,GVR
2019-08-30,13.59,13.68,13.07,13.15,1945710,GVR
2019-09-03,13.15,13.24,12.28,12.36,1819609,GVR
2019-09-04,12.36,12.8,11.66,12.71,1679787,GVR
2019-09-05,12.63,12.89,12.45,12.45,534821,GVR
2019-09-06,12.63,12.63,12.19,12.28,459482,GVR
2019-09-09,12.45,12.45,11.75,11.84,738107,GVR
2019-09-10,11.84,12.1,11.4,11.57,1168851,GVR
2019-09-11,11.66,11.84,11.49,11.84,320810,GVR
2019-09-12,11.84,12.19,11.84,12.1,510910,GVR
2019-09-13,12.01,12.1,11.84,12.01,513446,GVR
2019-09-16,12.01,12.1,11.75,11.84,236460,GVR
2019-09-17,11.93,12.54,11.75,12.36,796750,GVR
2019-09-18,12.36,12.54,12.19,12.19,401050,GVR
2019-09-19,12.19,12.28,12.1,12.19,275700,GVR
2019-09-20,12.1,12.28,12.01,12.01,500199,GVR
2019-09-23,12.1,12.1,11.84,11.84,308189,GVR
2019-09-24,11.84,11.93,11.75,11.84,575380,GVR
2019-09-25,11.84,12.01,11.84,11.93,384710,GVR
2019-09-26,12.01,12.1,11.93,12.01,281190,GVR
2019-09-27,12.01,12.01,11.75,12.01,342902,GVR
2019-09-30,11.93,12.1,11.93,12.01,610142,GVR
2019-10-01,12.01,12.54,11.93,12.45,1325100,GVR
2019-10-02,12.45,12.54,12.1,12.1,595930,GVR
2019-10-03,12.1,12.28,11.84,12.28,335879,GVR
2019-10-04,12.1,12.28,12.01,12.19,320600,GVR
2019-10-07,12.1,12.19,11.84,11.84,326356,GVR
2019-10-08,12.01,12.1,11.84,12.1,243379,GVR
2019-10-09,12.01,12.1,11.93,12.01,324816,GVR
2019-10-10,12.01,12.36,12.01,12.28,741530,GVR
2019-10-11,12.28,12.36,12.1,12.28,360193,GVR
2019-10-14,12.28,12.28,12.1,12.28,494410,GVR
2019-10-15,12.19,12.19,11.93,12.01,245068,GVR
2019-10-16,12.01,12.19,11.84,11.93,455735,GVR
2019-10-17,12.01,12.01,11.84,11.93,207670,GVR
2019-10-18,12.01,12.01,11.84,11.84,355560,GVR
2019-10-21,11.93,11.93,11.75,11.84,221501,GVR
2019-10-22,11.75,11.75,11.49,11.57,268570,GVR
2019-10-23,11.57,12.01,11.57,11.93,544200,GVR
2019-10-24,11.93,12.89,11.93,12.71,2428013,GVR
2019-10-25,12.89,12.98,12.54,12.71,1072750,GVR
2019-10-28,12.71,12.71,12.45,12.54,431861,GVR
2019-10-29,12.45,12.71,12.45,12.63,685385,GVR
2019-10-30,12.71,12.8,12.45,12.63,441419,GVR
2019-10-31,12.54,12.63,10.79,12.63,561085,GVR
2019-11-01,12.28,12.36,12.1,12.19,483502,GVR
2019-11-04,12.19,12.45,11.93,12.19,648582,GVR
2019-11-05,12.1,12.19,12.01,12.19,362543,GVR
2019-11-06,12.1,12.54,12.1,12.36,510540,GVR
2019-11-07,12.28,12.28,12.01,12.19,464150,GVR
2019-11-08,12.1,12.28,12.1,12.28,133070,GVR
2019-11-11,12.28,12.28,12.01,12.19,363090,GVR
2019-11-12,12.1,12.28,12.01,12.1,130305,GVR
2019-11-13,12.19,12.36,12.1,12.19,488704,GVR
2019-11-14,12.19,12.28,12.1,12.19,152880,GVR
2019-11-15,12.19,12.19,12.01,12.1,341050,GVR
2019-11-18,12.1,12.19,12.01,12.1,219540,GVR
2019-11-19,12.01,12.1,12.01,12.01,189690,GVR
2019-11-20,12.01,12.36,12.01,12.28,678500,GVR
2019-11-21,12.28,12.63,12.28,12.45,1115127,GVR
2019-11-22,12.36,12.45,12.1,12.28,357630,GVR
2019-11-25,12.19,12.19,12.01,12.01,363950,GVR
2019-11-26,12.1,12.19,12.01,12.1,348230,GVR
2019-11-27,12.1,12.19,12.01,12.1,142505,GVR
2019-11-28,12.28,12.89,11.93,12.01,497820,GVR
2019-11-29,12.01,12.01,11.93,11.93,143210,GVR
2019-12-02,11.93,11.93,11.22,11.93,794680,GVR
2019-12-03,11.49,11.49,10.61,10.7,1055470,GVR
2019-12-04,10.79,11.05,10.61,11.05,230600,GVR
2019-12-05,11.05,11.22,10.87,11.05,263255,GVR
2019-12-06,10.87,11.14,10.87,11.05,137106,GVR
2019-12-09,10.96,11.14,10.87,10.87,151397,GVR
2019-12-10,11.05,11.05,10.79,10.96,193545,GVR
2019-12-11,10.96,10.96,10.7,10.79,209000,GVR
2019-12-12,10.79,10.87,10.7,10.87,193800,GVR
2019-12-13,10.96,11.57,10.79,10.96,371530,GVR
2019-12-16,10.96,11.22,10.96,10.96,195220,GVR
2019-12-17,11.05,11.05,10.87,10.87,198500,GVR
2019-12-18,10.87,10.87,10.35,10.52,716800,GVR
2019-12-19,10.52,10.61,10.35,10.52,386740,GVR
2019-12-20,10.35,10.61,10.35,10.43,169910,GVR
2019-12-23,10.52,10.61,9.56,9.82,1272776,GVR
2019-12-24,9.82,9.82,8.59,9.21,1361546,GVR
2019-12-25,9.12,9.56,9.12,9.47,379000,GVR
2019-12-26,9.38,9.65,9.29,9.38,531812,GVR
2019-12-27,9.29,9.29,9.12,9.21,369270,GVR
2019-12-30,9.21,9.29,8.86,8.94,484220,GVR
2019-12-31,9.03,9.47,8.94,9.29,681390,GVR
2020-01-02,9.29,10.08,9.29,9.91,762975,GVR
2020-01-03,9.91,10.7,9.91,10.26,1116553,GVR
2020-01-06,10.7,10.7,10.0,10.08,408280,GVR
2020-01-07,10.17,10.17,9.65,9.82,537260,GVR
2020-01-08,9.82,9.82,9.38,9.47,503454,GVR
2020-01-09,9.65,9.73,9.56,9.65,200020,GVR
2020-01-10,9.65,10.17,9.65,9.82,409717,GVR
2020-01-13,9.91,9.91,9.73,9.91,185830,GVR
2020-01-14,9.91,10.08,9.73,9.82,290900,GVR
2020-01-15,9.82,9.91,9.73,9.73,188608,GVR
2020-01-16,9.82,9.82,9.47,9.82,463400,GVR
2020-01-17,9.82,10.26,9.73,10.0,355706,GVR
2020-01-20,10.08,10.26,10.0,10.08,309240,GVR
2020-01-21,10.17,10.35,10.08,10.35,435320,GVR
2020-01-22,10.35,10.7,10.08,10.61,540290,GVR
2020-01-30,10.35,10.43,9.91,10.08,372714,GVR
2020-01-31,10.0,10.0,9.47,9.47,655457,GVR
2020-02-03,9.21,9.38,8.33,9.12,965930,GVR
2020-02-04,8.94,9.21,8.94,9.12,353930,GVR
2020-02-05,9.21,9.47,8.94,9.21,470640,GVR
2020-02-06,9.12,9.73,9.12,9.56,308048,GVR
2020-02-07,9.65,9.65,9.38,9.56,268160,GVR
2020-02-10,9.56,9.56,9.21,9.47,201190,GVR
2020-02-11,9.47,9.65,9.38,9.56,399300,GVR
2020-02-12,9.65,9.65,9.47,9.47,283400,GVR
2020-02-13,9.47,9.65,9.29,9.47,727243,GVR
2020-02-14,9.56,10.0,9.38,9.91,678971,GVR
2020-02-17,9.82,10.08,9.73,9.73,314400,GVR
2020-02-18,9.73,9.91,9.73,9.91,472400,GVR
2020-02-19,9.91,10.35,9.82,10.35,1159367,GVR
2020-02-20,10.43,10.52,10.17,10.35,496270,GVR
2020-02-21,10.35,10.35,10.0,10.08,514152,GVR
2020-02-24,10.0,10.08,9.47,9.65,1084607,GVR
2020-02-25,9.29,10.08,9.29,10.08,1024130,GVR
2020-02-26,9.91,10.61,9.91,10.61,1272443,GVR
2020-02-27,10.61,11.05,10.52,10.96,1318652,GVR
2020-02-28,10.79,10.87,10.52,10.7,1264618,GVR
2020-03-02,10.35,11.14,10.35,10.79,592520,GVR
2020-03-03,12.36,12.36,10.87,11.49,1047030,GVR
2020-03-04,11.4,11.49,10.87,11.05,1656538,GVR
2020-03-05,11.05,11.22,10.87,11.05,1055157,GVR
2020-03-06,11.14,11.14,10.79,10.96,1305340,GVR
2020-03-17,9.21,10.08,8.42,9.82,1626550,GVR
2020-03-18,10.08,10.08,9.16,9.21,1432550,GVR
2020-03-19,9.03,9.03,8.59,8.59,858400,GVR
2020-03-20,8.59,8.77,8.0,8.01,1380930,GVR
2020-03-23,7.56,7.57,7.45,7.45,1698240,GVR
2020-03-24,7.23,7.8,7.23,7.63,683830,GVR
2020-03-25,7.72,7.98,7.64,7.8,1559590,GVR
2020-03-26,7.72,7.88,7.5,7.5,811930,GVR
2020-03-27,7.54,7.89,7.33,7.42,612810,GVR
2020-03-30,7.23,7.54,6.9,7.28,1792710,GVR
2020-03-31,7.01,7.63,7.01,7.35,572600,GVR
2020-04-01,7.35,7.52,7.1,7.51,262480,GVR
2020-04-03,7.54,7.8,7.45,7.63,356910,GVR
2020-04-06,7.72,7.98,7.67,7.98,591020,GVR
2020-04-07,7.98,7.98,7.73,7.86,277730,GVR
2020-04-08,7.8,7.88,7.72,7.88,212500,GVR
2020-04-09,7.98,8.36,7.97,8.29,574950,GVR
2020-04-10,8.72,8.86,8.68,8.86,934920,GVR
2020-04-13,9.47,9.47,8.9,8.9,2160110,GVR
2020-04-14,9.12,9.51,8.77,9.47,957110,GVR
2020-04-15,9.21,9.91,9.21,9.78,788140,GVR
2020-04-16,9.65,9.78,9.29,9.47,634220,GVR
2020-04-17,9.69,9.78,9.38,9.47,649460,GVR
2020-04-20,9.65,9.86,9.38,9.38,1221230,GVR
2020-04-21,9.29,9.38,8.73,8.73,1336580,GVR
2020-04-22,8.51,9.12,8.42,8.81,867890,GVR
2020-04-23,9.03,9.08,8.77,8.86,653970,GVR
2020-04-24,8.86,8.9,8.72,8.73,837180,GVR
2020-04-27,8.86,9.34,8.86,9.34,1663520,GVR
2020-04-28,9.65,9.82,9.38,9.47,1444690,GVR
2020-04-29,9.47,9.95,9.47,9.78,1497360,GVR
2020-05-04,9.56,9.65,9.29,9.38,951850,GVR
2020-05-05,9.38,9.82,8.77,9.73,1071460,GVR
2020-05-06,9.78,10.39,9.78,10.39,2682000,GVR
2020-05-07,10.52,11.09,10.35,10.96,2699550,GVR
2020-05-08,10.96,11.05,10.52,10.52,1499440,GVR
2020-05-11,10.48,10.96,10.3,10.87,1857810,GVR
2020-05-12,10.7,11.18,10.57,10.96,1423970,GVR
2020-05-13,10.96,11.49,10.87,11.05,3516310,GVR
2020-05-14,11.05,11.05,10.79,10.79,1400950,GVR
2020-05-15,10.79,10.92,10.52,10.57,1116140,GVR
2020-05-18,10.57,10.83,10.35,10.79,680550,GVR
2020-05-19,11.09,11.18,10.79,10.79,2001060,GVR
2020-05-20,10.79,11.27,10.79,11.22,1345440,GVR
2020-05-21,11.31,11.62,11.14,11.22,2381570,GVR
2020-05-22,11.14,11.27,10.87,10.96,1401180,GVR
2020-05-25,11.05,11.53,10.87,11.49,3891580,GVR
2020-05-26,11.71,11.79,11.44,11.49,2026130,GVR
2020-05-27,11.57,11.57,11.14,11.14,2320830,GVR
2020-05-28,11.09,11.31,11.0,11.18,1925610,GVR
2020-05-29,11.14,11.31,11.09,11.18,1380440,GVR
2020-06-01,11.22,11.36,11.22,11.27,1375080,GVR
2020-06-02,11.27,11.36,10.96,11.0,1401600,GVR
2020-06-03,11.0,11.4,10.96,11.4,1682780,GVR
2020-06-04,11.4,11.53,11.14,11.14,1429580,GVR
2020-06-05,11.14,11.31,11.05,11.31,1368660,GVR
2020-06-08,11.4,11.62,11.27,11.4,3376560,GVR
2020-06-09,11.4,12.19,11.4,11.97,4848970,GVR
2020-06-10,11.97,11.97,11.53,11.62,2746460,GVR
2020-06-11,11.62,11.88,10.96,10.96,3535100,GVR
2020-06-12,10.52,10.92,10.35,10.65,3343630,GVR
2020-06-15,10.96,11.4,10.74,10.87,3865010,GVR
2020-06-16,11.4,11.4,11.09,11.18,1094900,GVR
2020-06-17,11.22,11.22,10.87,10.87,1329740,GVR
2020-06-18,10.61,11.22,10.61,10.79,1281740,GVR
2020-06-19,10.92,11.18,10.92,11.05,1155640,GVR
2020-06-22,10.92,11.14,10.87,10.92,1125510,GVR
2020-06-23,10.92,11.22,10.83,11.0,1512990,GVR
2020-06-24,11.05,11.05,10.74,10.79,967980,GVR
2020-06-25,10.7,10.79,10.57,10.57,1042720,GVR
2020-06-26,10.61,10.83,10.43,10.43,1459690,GVR
2020-06-29,10.43,10.52,9.91,10.0,2278110,GVR
2020-06-30,10.0,10.3,9.65,9.65,1132600,GVR
2020-07-01,9.69,10.17,9.69,10.08,736830,GVR
2020-07-02,10.0,10.26,9.95,10.13,878030,GVR
2020-07-03,10.17,10.39,10.17,10.22,1155100,GVR
2020-07-06,10.35,10.43,10.26,10.43,575100,GVR
2020-07-07,10.43,10.48,10.17,10.22,1010980,GVR
2020-07-08,10.22,10.35,10.0,10.22,833270,GVR
2020-07-09,10.22,10.39,10.22,10.39,988260,GVR
2020-07-10,10.35,10.43,10.3,10.43,657210,GVR
2020-07-13,10.43,10.83,10.43,10.43,1994010,GVR
2020-07-14,10.61,10.79,10.52,10.61,1279860,GVR
2020-07-15,10.79,10.79,10.61,10.61,503920,GVR
2020-07-16,10.65,10.74,10.52,10.57,751420,GVR
2020-07-17,10.48,10.74,10.43,10.61,900470,GVR
2020-07-20,10.61,10.92,10.57,10.61,1427490,GVR
2020-07-21,10.7,10.7,10.43,10.48,755830,GVR
2020-07-22,10.48,10.61,10.26,10.3,730770,GVR
2020-07-23,10.26,10.3,10.08,10.08,1064300,GVR
2020-07-24,10.13,10.43,9.65,9.65,2730370,GVR
2020-07-27,9.21,9.38,8.99,8.99,2885330,GVR
2020-07-28,8.81,9.29,8.81,9.29,1756390,GVR
2020-07-29,8.77,9.08,8.65,8.99,1869490,GVR
2020-07-30,8.94,9.03,8.81,8.86,1120870,GVR
2020-07-31,8.59,8.99,8.59,8.77,998760,GVR
2020-08-03,8.77,9.08,8.77,9.08,820600,GVR
2020-08-04,9.21,9.29,9.08,9.16,995960,GVR
2020-08-05,9.16,9.51,9.03,9.34,1450080,GVR
2020-08-06,9.29,9.43,9.25,9.29,608120,GVR
2020-08-07,9.25,9.38,9.21,9.29,631730,GVR
2020-08-10,9.34,9.91,9.29,9.78,2894230,GVR
2020-08-11,9.86,9.86,9.65,9.73,737560,GVR
2020-08-12,9.73,9.78,9.65,9.73,597590,GVR
2020-08-13,9.65,10.0,9.65,9.65,1959970,GVR
2020-08-14,9.65,9.78,9.47,9.56,974910,GVR
2020-08-17,9.56,9.6,9.38,9.6,750960,GVR
2020-08-18,9.6,9.86,9.56,9.69,1218730,GVR
2020-08-19,9.82,10.26,9.78,10.08,2352360,GVR
2020-08-20,10.08,10.35,10.08,10.26,2233930,GVR
2020-08-21,10.26,10.43,10.17,10.39,1617030,GVR
2020-08-24,10.52,10.61,10.39,10.48,1577760,GVR
2020-08-25,10.52,10.52,10.3,10.3,1301610,GVR
2020-08-26,10.22,10.65,10.22,10.43,1924850,GVR
2020-08-27,10.48,10.92,10.48,10.83,2316970,GVR
2020-08-28,10.83,10.92,10.57,10.57,1574520,GVR
2020-08-31,10.61,10.65,10.3,10.39,1824490,GVR
2020-09-01,10.35,10.65,10.26,10.65,1998840,GVR
2020-09-03,10.7,10.74,10.57,10.65,1000990,GVR
2020-09-04,10.43,10.57,10.39,10.52,1132370,GVR
2020-09-07,10.43,10.7,10.35,10.43,1491100,GVR
2020-09-08,10.57,10.96,10.52,10.7,4063740,GVR
2020-09-09,10.7,10.96,10.7,10.87,2240400,GVR
2020-09-10,11.0,11.27,10.87,11.22,2360230,GVR
2020-09-11,11.14,11.27,11.0,11.27,1349140,GVR
2020-09-14,11.22,11.27,11.05,11.05,2150970,GVR
2020-09-15,11.14,11.22,10.87,10.96,2087430,GVR
2020-09-16,10.96,11.18,10.92,11.09,1136120,GVR
2020-09-17,11.14,11.27,11.05,11.18,1206290,GVR
2020-09-18,11.18,11.22,11.14,11.18,959790,GVR
2020-09-21,11.22,11.4,11.14,11.27,1928720,GVR
2020-09-22,11.36,11.36,11.18,11.27,1392490,GVR
2020-09-23,11.31,11.31,11.08,11.13,1441290,GVR
2020-09-24,11.04,11.27,11.04,11.13,1267760,GVR
2020-09-25,11.13,11.18,11.04,11.08,615730,GVR
2020-09-28,11.08,11.18,11.08,11.18,1059040,GVR
2020-09-29,11.31,11.54,11.13,11.18,3437390,GVR
2020-09-30,11.18,11.41,11.08,11.36,1047030,GVR
2020-10-01,11.5,11.5,11.31,11.36,1186560,GVR
2020-10-02,11.36,11.41,10.9,11.27,2204010,GVR
2020-10-05,11.36,12.05,11.27,11.96,5306360,GVR
2020-10-06,12.14,12.33,11.82,11.87,2550590,GVR
2020-10-07,11.68,11.87,11.68,11.73,1706390,GVR
2020-10-08,11.82,12.28,11.68,12.19,5940910,GVR
2020-10-09,12.33,12.69,12.23,12.6,5300430,GVR
2020-10-12,12.6,13.02,12.46,12.56,5012600,GVR
2020-10-13,12.51,12.97,12.28,12.88,4789720,GVR
2020-10-14,12.88,13.06,12.51,12.6,4932320,GVR
2020-10-15,12.74,12.74,12.33,12.46,5368820,GVR
2020-10-16,12.51,12.83,12.28,12.83,5393350,GVR
2020-10-19,13.02,13.66,12.83,13.61,6244920,GVR
2020-10-20,13.61,13.98,13.38,13.57,3392500,GVR
2020-10-21,13.57,13.57,13.06,13.06,5007720,GVR
2020-10-22,12.92,13.15,12.79,13.15,4576950,GVR
2020-10-23,13.15,13.48,12.92,13.2,3363120,GVR
2020-10-26,13.43,13.71,13.15,13.15,3825590,GVR
2020-10-27,13.15,13.25,12.92,12.97,2472800,GVR
2020-10-28,12.92,13.34,12.33,12.33,5397380,GVR
2020-10-29,12.42,12.79,12.14,12.6,4416080,GVR
2020-10-30,12.79,13.06,12.6,13.02,3448190,GVR
2020-11-02,13.25,13.43,13.11,13.43,5148980,GVR
2020-11-03,13.48,14.35,13.43,14.26,11245530,GVR
2020-11-04,14.17,14.35,13.94,14.26,4661700,GVR
2020-11-05,14.03,14.12,13.71,13.71,6436840,GVR
2020-11-06,13.71,14.17,13.71,14.03,3208490,GVR
2020-11-09,14.03,14.21,13.84,14.17,4668100,GVR
2020-11-10,14.17,14.86,14.03,14.53,6147770,GVR
2020-11-11,14.53,15.04,14.4,14.99,5176010,GVR
2020-11-12,15.18,15.64,15.04,15.59,5971020,GVR
2020-11-13,15.55,15.87,15.32,15.64,5142170,GVR
2020-11-16,15.55,15.59,15.13,15.41,6529880,GVR
2020-11-17,15.55,16.46,15.27,16.46,6667140,GVR
2020-11-18,16.46,17.48,16.42,17.48,5218420,GVR
2020-11-19,17.48,17.75,17.02,17.75,5577100,GVR
2020-11-20,17.75,17.8,17.15,17.48,2787350,GVR
2020-11-23,17.15,17.38,16.88,17.02,4154160,GVR
2020-11-24,17.02,17.15,16.37,16.83,5685550,GVR
2020-11-25,17.2,17.48,16.92,17.38,3225870,GVR
2020-11-26,17.57,17.94,17.43,17.84,5644050,GVR
2020-11-27,17.75,17.84,17.52,17.52,2977160,GVR
2020-11-30,17.66,17.66,17.11,17.11,3181380,GVR
2020-12-01,16.65,17.25,16.65,17.15,3758590,GVR
2020-12-02,17.2,17.57,17.02,17.29,3181530,GVR
2020-12-03,17.29,17.43,17.11,17.25,2618260,GVR
2020-12-04,17.48,18.44,17.25,18.44,6208970,GVR
2020-12-07,18.86,19.36,18.67,18.67,4335970,GVR
2020-12-08,18.81,18.99,18.49,18.67,3509780,GVR
2020-12-09,18.49,19.59,18.49,18.81,5111400,GVR
2020-12-10,18.76,19.13,18.3,18.35,3775710,GVR
2020-12-11,18.49,19.32,18.3,19.22,4719070,GVR
2020-12-14,19.32,20.56,19.32,20.56,5534040,GVR
2020-12-15,20.7,21.85,20.37,21.39,4905500,GVR
2020-12-16,21.39,21.85,21.25,21.43,3528920,GVR
2020-12-17,21.16,22.67,20.97,22.08,4909320,GVR
2020-12-18,22.9,23.32,22.35,23.32,3881450,GVR
2020-12-21,24.1,24.93,24.01,24.93,3351680,GVR
2020-12-22,26.63,26.63,26.31,26.63,1853210,GVR
2020-12-23,28.47,28.47,24.79,25.39,3522880,GVR
2020-12-24,26.54,26.67,23.64,25.02,9525620,GVR
2020-12-25,25.76,26.77,25.34,26.77,5589590,GVR
2020-12-28,28.01,28.61,26.86,28.01,4610970,GVR
2020-12-29,27.5,28.33,26.58,27.13,7712850,GVR
2020-12-30,27.04,27.69,25.85,26.22,5020230,GVR
2020-12-31,26.49,27.59,25.76,27.55,4707730,GVR
2021-01-04,27.64,29.02,27.09,27.09,7353500,GVR
2021-01-05,27.23,27.82,26.77,27.13,5766300,GVR
2021-01-06,27.32,27.36,26.22,26.44,6482500,GVR
2021-01-07,26.58,26.67,25.85,26.03,6324200,GVR
2021-01-08,26.22,27.59,25.66,26.67,6681900,GVR
2021-01-11,27.27,27.55,26.22,27.0,5430200,GVR
2021-01-12,27.04,27.46,26.67,27.41,3876400,GVR
2021-01-13,28.05,29.3,28.05,29.3,15851200,GVR
2021-01-14,29.89,31.18,29.8,30.03,7396400,GVR
2021-01-15,29.89,30.31,29.34,29.8,5477800,GVR
2021-01-18,29.62,31.46,29.3,30.63,7199300,GVR
2021-01-19,30.63,31.23,28.51,29.16,5926700,GVR
2021-01-20,29.43,29.43,27.13,28.51,5355900,GVR
2021-01-21,28.93,29.34,27.87,29.3,5031100,GVR
2021-01-22,29.34,30.54,28.7,29.53,6470800,GVR
2021-01-25,29.02,30.31,29.02,29.85,4896700,GVR
2021-01-26,29.85,29.85,27.78,27.78,5595300,GVR
2021-01-27,26.67,27.41,25.85,25.85,5670400,GVR
2021-01-28,24.05,24.05,24.05,24.05,501600,GVR
2021-01-29,22.4,24.05,22.4,22.44,12775800,GVR
2021-02-01,22.08,23.73,20.88,20.88,5967800,GVR
2021-02-02,20.97,21.94,19.87,21.52,6277200,GVR
2021-02-03,22.17,23.0,21.52,23.0,3765800,GVR
2021-02-04,23.27,24.19,22.9,23.41,4257800,GVR
2021-02-05,23.41,23.92,23.04,23.64,3434800,GVR
2021-02-08,23.64,23.82,22.03,22.03,5368300,GVR
2021-02-09,21.98,22.81,21.34,22.12,3756400,GVR
2021-02-17,23.0,23.64,23.0,23.64,1392600,GVR
2021-02-18,25.25,25.25,25.25,25.25,3278500,GVR
2021-02-19,25.85,26.67,25.34,25.85,8269200,GVR
2021-02-22,25.94,26.17,25.3,25.71,4211000,GVR
2021-02-23,25.62,27.5,24.93,27.5,8396300,GVR
2021-02-24,27.78,28.24,26.22,26.49,4418300,GVR
2021-02-25,26.86,26.86,26.03,26.58,3505700,GVR
2021-02-26,25.57,26.67,25.57,26.54,4192500,GVR
2021-03-01,27.23,27.69,26.77,27.13,3977200,GVR
2021-03-02,27.5,28.24,26.9,27.5,5624500,GVR
2021-03-03,27.41,27.69,27.13,27.23,2908600,GVR
2021-03-04,27.23,27.32,25.85,26.44,4337000,GVR
2021-03-05,26.03,27.13,25.76,26.72,3738100,GVR
2021-03-08,27.13,27.59,26.49,27.04,3627300,GVR
2021-03-09,25.94,26.95,25.94,26.4,2056200,GVR
2021-03-10,26.49,26.95,26.22,26.67,2563700,GVR
2021-03-11,27.13,27.55,26.9,27.13,5317600,GVR
2021-03-12,27.41,28.88,27.23,28.42,8710200,GVR
2021-03-15,28.42,28.51,27.82,27.87,2472900,GVR
2021-03-16,27.73,27.87,26.86,27.09,4671800,GVR
2021-03-17,27.23,27.41,26.77,27.32,2819700,GVR
2021-03-18,27.59,28.42,27.32,28.24,3849200,GVR
2021-03-19,27.87,28.15,27.5,27.59,3339800,GVR
2021-03-22,28.05,28.05,27.23,27.32,3121400,GVR
2021-03-23,27.32,27.59,26.67,27.0,4188700,GVR
2021-03-24,26.26,26.9,25.71,25.89,3693600,GVR
2021-03-25,26.03,26.31,25.16,25.39,4806600,GVR
2021-03-26,24.84,25.3,23.64,25.11,5217700,GVR
2021-03-29,25.48,25.66,25.2,25.62,1674300,GVR
2021-03-30,25.62,26.08,25.48,25.94,2115700,GVR
2021-03-31,25.94,26.03,25.53,25.57,2056900,GVR
2021-04-01,25.57,26.22,25.53,26.17,2484100,GVR
2021-04-02,26.4,26.67,25.89,26.03,2241800,GVR
2021-04-05,26.12,26.22,25.85,26.03,2056700,GVR
2021-04-06,25.85,26.03,25.66,25.66,2365500,GVR
2021-04-07,25.48,25.76,25.25,25.76,2634700,GVR
2021-04-08,26.03,26.4,25.66,26.12,3152300,GVR
2021-04-09,26.12,26.63,26.12,26.22,2944000,GVR
2021-04-12,26.31,26.4,26.08,26.12,2902600,GVR
2021-04-13,26.12,26.12,25.25,25.34,4556700,GVR
2021-04-14,24.93,25.34,24.74,25.16,3282300,GVR
2021-04-15,25.16,25.3,24.47,24.51,3301600,GVR
2021-04-16,24.38,24.38,22.9,23.46,5099800,GVR
2021-04-19,23.09,24.1,23.09,23.92,2739500,GVR
2021-04-20,24.1,24.15,23.0,23.18,2655600,GVR
2021-04-22,23.04,23.18,21.57,21.57,4710300,GVR
2021-04-23,21.43,22.31,20.97,22.31,3554300,GVR
2021-04-26,22.44,23.32,21.75,21.8,2796700,GVR
2021-04-27,21.8,22.12,20.88,21.52,1511800,GVR
2021-04-28,22.17,23.0,22.17,23.0,3108300,GVR
2021-04-29,23.92,24.19,23.18,23.69,3166900,GVR
2021-05-04,22.81,23.41,22.17,23.23,2156600,GVR
2021-05-05,23.0,23.5,23.0,23.23,3182300,GVR
2021-05-06,23.18,23.82,23.0,23.27,2554200,GVR
2021-05-07,23.27,23.5,22.72,22.81,2869700,GVR
2021-05-10,22.54,22.95,22.12,22.67,2429700,GVR
2021-05-11,23.0,23.64,22.81,23.23,2824000,GVR
2021-05-12,23.46,24.84,23.36,24.84,6321300,GVR
2021-05-13,24.93,25.62,24.38,24.38,5598900,GVR
2021-05-14,24.38,24.84,23.96,24.19,2819600,GVR
2021-05-17,24.19,24.19,23.27,23.32,3533900,GVR
2021-05-18,23.27,23.46,22.72,22.81,3064400,GVR
2021-05-19,22.81,23.64,22.81,23.32,2813000,GVR
2021-05-20,23.27,23.27,22.44,22.72,4030800,GVR
2021-05-21,22.72,23.92,22.54,23.32,3409100,GVR
2021-05-24,24.05,24.93,24.05,24.93,6726600,GVR
2021-05-25,25.57,25.66,24.56,24.84,5599400,GVR
2021-05-26,24.65,25.57,24.47,25.25,6327300,GVR
2021-05-27,25.34,26.58,25.02,25.62,6625100,GVR
2021-05-28,25.76,26.49,25.76,26.44,5541400,GVR
2021-05-31,26.49,26.67,25.85,26.31,4910100,GVR
2021-06-01,26.17,26.4,25.76,26.08,5077400,GVR
2021-06-02,25.76,25.85,24.84,25.62,5018100,GVR
2021-06-03,26.03,26.49,25.34,26.22,6501800,GVR
2021-06-04,26.58,27.69,26.49,27.5,9284000,GVR
2021-06-07,28.24,29.07,27.87,28.88,10302900,GVR
2021-06-08,28.24,28.88,26.9,26.9,5410600,GVR
2021-06-09,26.67,27.5,25.76,26.95,5540700,GVR
2021-06-10,26.67,26.95,25.76,26.22,4218400,GVR
2021-06-11,26.49,27.18,26.12,26.81,4200500,GVR
2021-06-14,27.04,27.78,26.67,27.36,5243000,GVR
2021-06-15,27.5,29.25,27.41,29.25,9611200,GVR
2021-06-16,29.89,30.26,29.34,29.48,7694800,GVR
2021-06-17,28.84,31.27,28.7,31.23,9882200,GVR
2021-06-18,31.23,33.02,30.72,31.73,8776800,GVR
2021-06-21,31.46,32.47,31.18,31.73,6685400,GVR
2021-06-22,32.01,32.42,31.55,31.6,5910700,GVR
2021-06-23,31.46,31.73,30.45,30.81,7695500,GVR
2021-06-24,30.58,32.61,30.58,32.01,5819900,GVR
2021-06-25,32.01,32.38,31.73,32.15,3659300,GVR
2021-06-28,32.33,33.57,31.83,33.39,6792600,GVR
2021-06-29,33.11,33.99,32.75,32.84,4640000,GVR
2021-06-30,32.65,32.98,32.19,32.19,3729600,GVR
2021-07-01,32.29,33.9,32.19,33.48,6757400,GVR
2021-07-02,33.48,33.8,33.11,33.3,3962500,GVR
2021-07-05,33.21,33.67,32.75,33.39,4525200,GVR
2021-07-06,33.8,34.68,31.09,31.09,7988200,GVR
2021-07-07,31.46,31.92,29.43,31.87,5960900,GVR
2021-07-08,32.06,32.06,30.81,31.23,3886500,GVR
2021-07-09,30.45,31.09,29.07,29.07,9414700,GVR
2021-07-12,27.59,28.24,27.04,27.04,6861400,GVR
2021-07-13,27.23,28.05,26.86,27.59,3515700,GVR
2021-07-14,27.36,28.33,26.12,26.95,3722500,GVR
2021-07-15,26.54,28.15,26.54,28.05,3199200,GVR
2021-07-16,28.05,29.39,28.05,28.84,4052300,GVR
2021-07-19,27.59,28.33,26.86,26.86,5437700,GVR
2021-07-20,27.55,28.33,26.67,28.33,4154800,GVR
2021-07-21,28.51,28.79,27.59,27.78,2458700,GVR
2021-07-22,27.78,29.2,27.55,28.97,4436600,GVR
2021-07-23,28.61,29.76,28.47,28.51,6441700,GVR
2021-07-26,28.51,29.89,28.33,29.89,5022000,GVR
2021-07-27,30.35,30.81,29.94,30.17,4462000,GVR
2021-07-28,29.94,30.54,29.71,30.03,4193500,GVR
2021-07-29,30.03,30.63,29.62,30.49,4267600,GVR
2021-07-30,30.63,31.09,30.4,31.0,5202800,GVR
2021-08-02,30.35,31.64,30.35,30.81,6191700,GVR
2021-08-03,30.81,31.18,30.17,31.0,4856600,GVR
2021-08-04,31.18,31.37,30.49,30.77,4157100,GVR
2021-08-05,30.72,32.33,30.35,32.06,9045500,GVR
2021-08-06,32.06,32.38,31.46,31.46,5648300,GVR
2021-08-09,31.27,32.52,31.27,32.38,5093700,GVR
2021-08-10,32.61,32.7,32.01,32.19,6385800,GVR
2021-08-11,32.19,32.38,31.32,31.37,6143000,GVR
2021-08-12,31.09,32.38,30.81,31.55,5683500,GVR
2021-08-13,31.37,32.1,30.86,32.01,4717200,GVR
2021-08-16,32.47,34.22,32.19,34.22,10693600,GVR
2021-08-17,34.59,35.41,34.13,34.49,7543100,GVR
2021-08-18,34.03,35.23,33.9,34.54,4797600,GVR
2021-08-19,34.36,35.87,34.22,35.69,6673700,GVR
2021-08-20,35.51,35.87,33.21,33.44,12418100,GVR
2021-08-23,33.21,33.94,31.46,31.46,7321700,GVR
2021-08-24,31.46,32.19,31.0,31.27,6463100,GVR
2021-08-25,31.55,32.38,31.37,32.38,3379900,GVR
2021-08-26,32.75,33.48,32.33,32.65,4533400,GVR
2021-08-27,32.19,34.4,31.73,34.4,7521500,GVR
2021-08-30,34.91,35.23,34.22,34.59,5449200,GVR
2021-08-31,34.59,36.7,34.36,35.64,9613400,GVR
2021-09-01,34.95,37.25,34.95,36.88,8428800,GVR
2021-09-06,37.71,37.71,36.15,36.15,6788200,GVR
2021-09-07,36.15,36.75,35.55,35.74,6217700,GVR
2021-09-08,35.78,36.52,35.41,35.87,4272900,GVR
2021-09-09,35.92,36.75,35.78,36.75,4012200,GVR
2021-09-10,36.79,36.79,36.06,36.15,3419300,GVR
2021-09-13,36.06,36.15,34.49,34.68,7507800,GVR
2021-09-14,34.49,35.23,34.13,34.95,3672700,GVR
2021-09-15,34.45,35.69,34.45,35.41,2474700,GVR
2021-09-16,35.05,35.69,35.05,35.32,2233900,GVR
2021-09-17,35.41,36.01,34.95,35.46,3726500,GVR
2021-09-20,35.6,35.87,34.4,34.4,4251400,GVR
2021-09-21,33.85,34.36,32.52,33.48,6765800,GVR
2021-09-22,33.57,34.22,33.39,34.03,3555500,GVR
2021-09-23,34.95,35.41,34.03,34.22,3709300,GVR
2021-09-24,34.36,34.95,34.03,34.03,2891500,GVR
2021-09-27,34.4,34.49,32.75,32.75,3941900,GVR
2021-09-28,32.33,33.16,32.15,32.93,4567000,GVR
2021-09-29,32.84,33.67,32.84,33.11,3525300,GVR
2021-09-30,33.53,33.57,33.02,33.02,1718800,GVR
2021-10-01,32.88,33.53,32.65,33.21,2695300,GVR
2021-10-04,33.39,34.54,33.21,34.13,3461500,GVR
2021-10-05,34.36,34.86,34.17,34.49,3010400,GVR
2021-10-06,34.63,35.28,34.54,34.82,2934200,GVR
2021-10-07,35.23,35.51,34.77,35.14,4038000,GVR
2021-10-08,35.23,35.37,34.54,34.63,3436200,GVR
2021-10-11,34.95,35.23,34.59,34.77,2921200,GVR
2021-10-12,35.14,35.14,34.63,34.77,4797100,GVR
2021-10-13,35.24,35.24,34.82,35.05,2503600,GVR
2021-10-14,35.38,36.27,35.14,35.89,4981300,GVR
2021-10-15,36.08,36.45,35.33,35.71,3561500,GVR
2021-10-18,35.71,36.27,35.33,35.38,4123800,GVR
2021-10-19,35.33,35.33,34.77,35.05,3834600,GVR
2021-10-20,35.0,35.33,34.68,35.05,2719200,GVR
2021-10-21,35.33,35.33,34.49,34.68,2635600,GVR
2021-10-22,34.72,35.94,34.68,35.8,5277400,GVR
2021-10-25,36.27,37.62,35.8,36.73,8643200,GVR
2021-10-26,36.73,37.01,36.08,36.87,2909900,GVR
2021-10-27,37.01,38.14,36.69,37.39,6284500,GVR
2021-10-28,37.39,38.23,36.64,37.43,4757300,GVR
2021-10-29,37.85,38.23,36.97,37.2,4719000,GVR
2021-11-01,37.2,37.39,36.45,36.78,5673900,GVR
2021-11-02,36.64,39.35,36.45,39.35,8464100,GVR
2021-11-03,40.47,40.47,36.73,36.73,6911300,GVR
2021-11-04,37.29,38.23,36.73,37.34,4403300,GVR
2021-11-05,37.57,38.04,37.29,37.48,4264200,GVR
2021-11-08,37.76,38.79,37.57,38.04,4284000,GVR
2021-11-09,38.14,38.51,37.71,37.95,3742300,GVR
2021-11-10,38.04,39.07,37.48,38.42,4584700,GVR
2021-11-11,38.56,40.0,37.81,39.16,7153900,GVR
2021-11-12,39.26,39.54,38.14,38.7,2871700,GVR
2021-11-15,38.79,38.93,37.39,37.85,6689500,GVR
2021-11-16,37.81,37.81,36.59,36.78,5337500,GVR
2021-11-17,36.78,38.23,36.45,37.39,3340300,GVR
2021-11-18,37.2,38.0,37.11,37.25,4020700,GVR
2021-11-19,37.29,37.48,34.68,35.24,6321200,GVR
2021-11-22,34.63,35.24,33.27,33.27,5211400,GVR
2021-11-23,32.9,35.05,32.9,35.05,2446700,GVR
2021-11-24,35.1,35.47,34.58,34.77,2877700,GVR
2021-11-25,35.05,35.99,34.96,35.33,2641900,GVR
2021-11-26,35.42,35.52,34.3,34.54,3374000,GVR
2021-11-29,33.65,34.58,33.56,34.4,2720900,GVR
2021-11-30,34.86,36.78,34.86,36.27,7456800,GVR
2021-12-01,36.08,36.45,35.52,35.99,1971900,GVR
2021-12-02,35.61,37.2,35.56,36.13,2665700,GVR
2021-12-03,35.85,36.45,34.12,34.12,3246500,GVR
2021-12-06,34.12,34.77,32.95,33.65,2693300,GVR
2021-12-07,34.12,34.58,33.79,34.21,1453800,GVR
2021-12-08,34.54,35.8,34.26,34.58,1842600,GVR
2021-12-09,34.58,35.28,34.3,34.91,1609600,GVR
2021-12-10,34.86,35.52,34.86,35.05,2200700,GVR
2021-12-13,35.52,36.36,35.14,35.99,2819000,GVR
2021-12-14,35.99,36.5,35.05,35.66,2696900,GVR
2021-12-15,35.52,36.31,35.19,35.28,2614900,GVR
2021-12-16,35.52,35.89,35.24,35.38,1839200,GVR
2021-12-17,35.52,36.45,35.42,35.75,2964500,GVR
2021-12-20,35.71,35.75,35.0,35.14,2386600,GVR
2021-12-21,35.05,35.8,34.68,35.24,2771400,GVR
2021-12-22,35.42,37.34,35.24,36.45,7887300,GVR
2021-12-23,36.78,37.2,35.94,36.45,4277100,GVR
2021-12-24,36.55,37.62,36.27,36.5,3948200,GVR
2021-12-27,36.36,36.64,35.61,36.08,2791600,GVR
2021-12-28,36.08,36.45,35.24,35.38,4185300,GVR
2021-12-29,35.14,35.42,34.4,34.49,6193900,GVR
2021-12-30,34.49,35.0,34.44,34.58,2382900,GVR
2021-12-31,34.77,34.96,34.44,34.54,2174700,GVR
2022-01-04,34.77,35.47,34.58,35.14,2270100,GVR
2022-01-05,35.14,36.17,34.77,35.89,5612900,GVR
2022-01-06,35.52,36.78,35.33,36.08,4131600,GVR
2022-01-07,35.99,36.83,35.71,35.99,2825500,GVR
2022-01-10,36.08,36.64,35.24,35.24,4463100,GVR
2022-01-11,35.14,35.52,34.4,34.4,3286400,GVR
2022-01-12,34.4,34.58,32.76,34.58,4421100,GVR
2022-01-13,34.68,35.05,33.18,33.18,3359600,GVR
2022-01-14,32.9,33.93,32.9,33.37,1688300,GVR
2022-01-17,33.37,33.56,31.08,31.08,4515200,GVR
2022-01-18,30.28,30.84,29.07,29.07,2899800,GVR
2022-01-19,29.63,30.47,29.07,29.72,1767500,GVR
2022-01-20,30.28,30.75,29.72,30.38,1480700,GVR
2022-01-21,30.84,31.17,30.28,30.28,1671000,GVR
2022-01-24,30.28,30.38,28.18,28.18,2226300,GVR
2022-01-25,27.29,29.3,27.29,29.21,1582600,GVR
2022-01-26,29.72,29.77,28.98,28.98,1067300,GVR
2022-01-27,28.98,29.35,28.69,28.69,689000,GVR
2022-01-28,28.69,29.16,28.55,29.16,953700,GVR
2022-02-07,29.91,30.1,29.63,30.1,865400,GVR
2022-02-08,30.19,31.13,30.0,30.84,1165800,GVR
2022-02-09,31.03,31.22,30.66,30.94,1144600,GVR
2022-02-10,30.98,31.5,30.66,31.41,1461300,GVR
2022-02-11,30.94,32.25,30.94,31.73,1516300,GVR
2022-02-14,31.55,31.78,31.03,31.13,1172600,GVR
2022-02-15,30.94,31.41,30.94,31.17,828900,GVR
2022-02-16,31.78,31.78,31.45,31.55,760900,GVR
2022-02-17,31.78,32.11,31.55,31.78,1261900,GVR
2022-02-18,31.55,31.69,31.27,31.41,1587500,GVR
2022-02-21,31.31,32.43,31.31,32.34,2336200,GVR
2022-02-22,32.29,32.29,31.41,32.01,1517100,GVR
2022-02-23,32.06,33.09,31.78,32.01,2385600,GVR
2022-02-24,32.01,32.53,30.0,31.5,3123100,GVR
2022-02-25,31.97,32.25,31.78,31.78,1513200,GVR
2022-02-28,32.06,32.06,31.31,31.92,1904200,GVR
2022-03-01,31.97,33.51,31.97,33.37,4755600,GVR
2022-03-02,33.74,33.88,33.04,33.09,3342300,GVR
2022-03-03,33.51,33.93,33.37,33.93,2748400,GVR
2022-03-04,34.02,34.35,33.37,33.65,3156700,GVR
2022-03-07,33.65,34.49,33.37,34.35,3258000,GVR
2022-03-08,34.12,35.33,33.74,33.93,3784500,GVR
2022-03-09,33.98,34.21,32.99,33.65,2164200,GVR
2022-03-10,33.84,33.98,33.18,33.23,1417000,GVR
2022-03-11,33.18,33.46,32.2,32.25,2598600,GVR
2022-03-14,32.25,32.25,30.7,31.17,2343200,GVR
2022-03-15,31.03,31.78,31.03,31.64,980100,GVR
2022-03-16,31.87,32.15,31.41,31.5,1256100,GVR
2022-03-17,31.78,31.97,31.5,31.59,1030400,GVR
2022-03-18,31.97,31.97,31.69,31.78,1033100,GVR
2022-03-21,32.11,32.39,31.59,32.34,1452200,GVR
2022-03-22,32.53,33.09,32.39,32.39,1610600,GVR
2022-03-23,32.81,33.13,32.43,33.09,1848200,GVR
2022-03-24,32.81,33.13,32.53,32.62,1861500,GVR
2022-03-25,32.62,32.62,32.15,32.43,1121600,GVR
2022-03-28,31.92,32.43,31.59,31.64,2268400,GVR
2022-03-29,31.73,32.43,31.73,32.25,1184300,GVR
2022-03-30,32.06,32.53,31.59,31.64,1489600,GVR
2022-03-31,31.64,32.25,31.59,31.78,1177200,GVR
2022-04-01,31.87,32.48,31.59,32.29,1687200,GVR
2022-04-04,32.71,34.12,32.57,34.12,6226000,GVR
2022-04-05,33.84,34.96,33.65,34.02,3270100,GVR
2022-04-06,33.65,34.58,33.65,34.58,3663300,GVR
2022-04-07,34.58,35.33,33.93,33.93,3503800,GVR
2022-04-08,34.12,34.21,32.53,32.57,2763400,GVR
2022-04-12,32.57,32.81,30.84,30.84,2770000,GVR
2022-04-13,30.84,32.48,30.8,32.25,2263400,GVR
2022-04-14,32.53,33.13,32.15,32.29,1543100,GVR
2022-04-15,32.29,34.12,32.25,33.65,4280600,GVR
2022-04-18,33.32,34.77,33.32,34.4,5974700,GVR
2022-04-19,34.58,34.58,32.71,32.71,2944000,GVR
2022-04-20,32.43,33.18,30.42,30.42,2849300,GVR
2022-04-21,29.49,30.8,28.37,28.51,4404800,GVR
2022-04-22,29.07,29.63,26.55,27.57,4598400,GVR
2022-04-25,27.11,28.04,25.66,25.66,3146500,GVR
2022-04-26,24.77,26.64,23.93,26.64,2034200,GVR
2022-04-27,26.59,27.39,25.98,27.2,1290600,GVR
2022-04-28,27.2,27.34,26.73,26.87,1095000,GVR
2022-04-29,26.55,27.34,26.55,26.97,1750200,GVR
2022-05-04,27.01,27.01,26.22,26.22,1411500,GVR
2022-05-05,26.92,26.92,25.7,26.36,1271800,GVR
2022-05-06,25.89,26.36,25.05,25.05,1427000,GVR
2022-05-09,24.58,24.68,23.32,23.32,2121400,GVR
2022-05-10,22.25,23.32,21.97,23.13,1743200,GVR
2022-05-11,23.13,23.23,22.53,22.99,1005000,GVR
2022-05-12,23.32,23.74,21.4,21.4,1880500,GVR
2022-05-13,21.4,21.5,19.91,19.91,2327900,GVR
2022-05-16,21.26,21.26,20.38,20.42,2348100,GVR
2022-05-17,20.0,21.82,19.63,21.82,2212800,GVR
2022-05-18,22.06,22.39,21.5,21.82,1896500,GVR
2022-05-19,20.94,21.64,20.66,21.45,1741600,GVR
2022-05-20,21.82,22.62,21.45,22.15,2379200,GVR
2022-05-23,22.53,22.76,21.45,22.15,1286500,GVR
2022-05-24,22.11,22.57,21.59,22.57,1718300,GVR
2022-05-25,22.62,23.79,22.34,23.69,2615100,GVR
2022-05-26,23.74,24.11,23.37,23.69,1505000,GVR
2022-05-27,23.79,24.4,23.69,23.83,1573800,GVR
2022-05-30,23.83,24.11,23.74,23.79,1314500,GVR
2022-05-31,23.79,23.79,23.27,23.55,2363300,GVR
2022-06-01,23.37,23.74,23.18,23.51,1174200,GVR
2022-06-02,23.37,24.44,23.32,24.11,2149900,GVR
2022-06-03,24.11,24.16,23.37,23.37,1654300,GVR
2022-06-06,23.37,24.11,23.37,23.51,1442800,GVR
2022-06-07,23.37,23.65,22.62,23.65,1923200,GVR
2022-06-08,24.02,25.28,24.02,25.28,2880300,GVR
2022-06-09,25.89,26.36,25.61,25.66,2461800,GVR
2022-06-10,25.42,26.17,24.3,24.4,2505600,GVR
2022-06-13,23.09,23.93,22.71,22.71,3143700,GVR
2022-06-14,22.34,23.37,21.87,23.13,1736900,GVR
2022-06-15,23.13,23.27,21.54,21.54,2010000,GVR
2022-06-16,22.25,22.67,21.97,21.97,1704900,GVR
2022-06-17,21.12,21.5,20.56,21.22,2061100,GVR
2022-06-20,21.22,21.68,20.28,20.38,2657900,GVR
2022-06-21,20.38,21.03,19.49,20.28,2340800,GVR
2022-06-22,21.03,21.03,20.28,20.38,1260600,GVR
2022-06-23,20.38,21.22,20.38,21.22,874200,GVR
2022-06-24,21.36,21.78,21.12,21.26,1010400,GVR
2022-06-27,21.5,21.82,21.26,21.82,1050600,GVR
2022-06-28,21.78,22.25,21.68,21.97,874500,GVR
2022-06-29,21.87,21.97,21.03,21.4,1658400,GVR
2022-06-30,21.5,21.68,21.03,21.08,1028100,GVR
2022-07-01,21.03,21.12,20.33,21.12,1294600,GVR
2022-07-04,21.4,21.5,20.66,20.94,692600,GVR
2022-07-05,21.22,21.22,20.19,20.19,1176800,GVR
2022-07-06,20.0,20.42,19.49,19.49,1519200,GVR
2022-07-07,19.21,19.82,19.16,19.39,942200,GVR
2022-07-08,20.0,20.19,19.63,19.82,931000,GVR
2022-07-11,19.96,20.1,19.49,19.58,876600,GVR
2022-07-12,19.58,20.94,19.58,20.94,2467200,GVR
2022-07-13,21.31,21.82,21.08,21.08,2141700,GVR
2022-07-14,20.94,21.87,20.94,21.68,1620000,GVR
2022-07-15,21.73,22.15,21.59,21.64,1779400,GVR
2022-07-18,21.87,22.29,21.59,21.68,1504400,GVR
2022-07-19,21.68,21.92,21.17,21.68,1292800,GVR
2022-07-20,22.06,22.57,21.78,22.25,2476900,GVR
2022-07-21,22.34,22.53,22.06,22.15,1542500,GVR
2022-07-22,22.15,22.62,21.97,21.97,1651200,GVR
2022-07-25,21.97,21.97,21.31,21.31,1193500,GVR
2022-07-26,21.36,21.64,21.12,21.26,1038100,GVR
2022-07-27,21.03,21.68,20.94,21.59,1715000,GVR
2022-07-28,21.97,22.53,21.73,22.39,2558100,GVR
2022-07-29,22.57,22.62,22.2,22.34,1899000,GVR
2022-08-01,22.43,23.09,22.25,23.09,2618000,GVR
2022-08-02,22.9,23.46,22.9,23.18,2205700,GVR
2022-08-03,23.13,23.23,22.85,23.09,1638900,GVR
2022-08-04,23.32,23.69,22.9,22.99,1954400,GVR
2022-08-05,22.99,23.13,22.71,23.13,1844600,GVR
2022-08-08,23.18,23.65,23.18,23.46,1954300,GVR
2022-08-09,23.41,23.65,23.32,23.6,1576700,GVR
2022-08-10,23.51,23.6,23.37,23.41,1453200,GVR
2022-08-11,23.6,23.74,22.71,23.09,2421500,GVR
2022-08-12,22.9,23.32,22.9,23.23,995200,GVR
2022-08-15,23.6,23.65,23.23,23.23,1074300,GVR
2022-08-16,22.99,23.27,22.99,23.18,1150900,GVR
2022-08-17,23.27,23.37,22.9,22.95,1710800,GVR
2022-08-18,22.71,23.09,22.57,22.76,1408000,GVR
2022-08-19,22.71,22.85,22.39,22.62,1157600,GVR
2022-08-22,22.43,22.53,21.82,22.11,1947200,GVR
2022-08-23,21.82,22.43,21.82,22.39,1179400,GVR
2022-08-24,22.53,22.67,22.29,22.57,1156200,GVR
2022-08-25,22.62,23.79,22.62,23.79,5087500,GVR
2022-08-26,23.83,23.83,23.27,23.74,1739300,GVR
2022-08-29,23.18,23.32,22.43,23.32,2556000,GVR
2022-08-30,23.37,24.91,23.37,24.91,7996000,GVR
2022-08-31,24.91,25.05,24.44,24.63,1892400,GVR
2022-09-05,24.54,25.56,24.49,24.49,2623300,GVR
2022-09-06,24.68,24.96,24.07,24.21,2683600,GVR
2022-09-07,24.3,25.14,24.11,24.11,5221400,GVR
2022-09-08,24.16,24.4,23.37,23.37,2272500,GVR
2022-09-09,23.55,23.69,21.73,23.69,3553600,GVR
2022-09-12,23.93,24.02,23.23,23.37,1445551,GVR
2022-09-13,23.18,23.46,22.95,23.41,1514878,GVR
2022-09-14,22.76,23.37,22.76,23.37,1835656,GVR
2022-09-15,23.55,24.26,23.18,23.83,2667085,GVR
2022-09-16,23.74,23.74,22.99,22.99,1709623,GVR
2022-09-19,22.99,22.99,21.4,21.4,3153083,GVR
2022-09-20,21.5,22.11,21.26,21.97,1308211,GVR
2022-09-21,21.78,22.25,21.68,21.73,847123,GVR
2022-09-22,21.59,22.11,21.54,22.06,1419016,GVR
2022-09-23,22.39,22.39,21.73,21.82,1000701,GVR
2022-09-26,21.17,21.64,20.47,21.5,1974236,GVR
2022-09-27,21.45,21.59,21.12,21.26,878830,GVR
2022-09-28,20.84,21.31,20.47,20.75,1053353,GVR
2022-09-29,20.98,21.12,19.53,19.53,1117301,GVR
2022-09-30,18.97,19.58,18.23,19.53,1585360,GVR
2022-10-03,19.58,19.58,18.18,18.18,1141466,GVR
2022-10-04,18.32,18.6,17.06,17.06,1664628,GVR
2022-10-05,17.57,17.95,17.39,17.85,1016211,GVR
2022-10-06,17.9,17.9,16.64,16.64,1506402,GVR
2022-10-07,16.54,16.54,15.52,15.52,2272607,GVR
2022-10-10,15.52,16.08,15.0,15.8,1889199,GVR
2022-10-11,15.47,15.8,14.72,14.72,1990157,GVR
2022-10-12,14.06,15.74,14.06,15.31,1460145,GVR
2022-10-13,15.35,15.64,15.26,15.35,799485,GVR
2022-10-14,15.93,16.03,15.59,15.79,1897922,GVR
2022-10-17,15.74,15.93,15.35,15.93,1247482,GVR
2022-10-18,16.46,16.46,16.07,16.12,1253652,GVR
2022-10-19,16.27,16.27,15.83,15.88,1134130,GVR
2022-10-20,15.83,16.03,15.5,15.55,1037946,GVR
2022-10-21,15.64,15.64,14.49,14.49,2124710,GVR
2022-10-24,14.39,14.59,13.48,13.48,1695191,GVR
2022-10-25,13.24,13.91,12.57,12.76,2838679,GVR
2022-10-26,12.81,13.43,12.76,12.96,1293376,GVR
2022-10-27,13.1,13.82,13.05,13.82,1512575,GVR
2022-10-28,14.06,14.49,13.77,13.91,1431820,GVR
2022-10-31,14.01,14.11,13.34,13.82,1102922,GVR
2022-11-01,14.11,14.3,13.82,13.91,1259275,GVR
2022-11-02,14.01,14.11,13.63,13.63,1168160,GVR
2022-11-03,13.24,13.91,13.24,13.67,1203310,GVR
2022-11-04,13.43,13.72,12.81,12.81,1633558,GVR
2022-11-07,12.81,13.1,11.95,11.95,1557070,GVR
2022-11-08,11.71,12.52,11.71,12.52,1174300,GVR
2022-11-09,12.76,13.0,12.38,12.76,963957,GVR
2022-11-10,12.48,12.72,11.9,11.9,1906343,GVR
2022-11-11,12.14,12.24,11.08,11.08,1725045,GVR
2022-11-14,10.65,11.18,10.32,10.32,1914403,GVR
2022-11-15,10.08,10.41,9.6,9.6,2907428,GVR
2022-11-16,9.16,10.27,8.92,10.27,2331935,GVR
2022-11-17,10.51,10.94,10.46,10.94,1831171,GVR
2022-11-18,11.04,11.66,10.75,11.66,3216198,GVR
2022-11-21,11.95,12.48,11.9,12.48,2822715,GVR
2022-11-22,12.81,13.15,11.76,12.09,3398342,GVR
2022-11-23,12.19,12.43,11.95,12.04,1361391,GVR
2022-11-24,12.04,12.57,11.85,12.48,2150446,GVR
2022-11-25,12.96,13.2,12.67,12.96,2076580,GVR
2022-11-28,13.43,13.63,13.2,13.53,3057683,GVR
2022-11-29,13.77,13.77,12.96,13.58,3885836,GVR
2022-11-30,13.63,14.01,13.24,13.63,3120901,GVR
2022-12-01,13.91,14.54,13.72,14.2,4152253,GVR
2022-12-02,14.39,14.87,13.91,14.87,2297122,GVR
2022-12-05,15.31,15.4,14.78,14.97,2983678,GVR
2022-12-06,14.87,14.87,13.96,13.96,3837566,GVR
2022-12-07,13.82,14.2,13.43,13.43,1976463,GVR
2022-12-08,13.67,14.35,13.67,14.11,1563350,GVR
2022-12-09,14.15,14.63,13.87,14.44,1872812,GVR
2022-12-12,14.63,15.11,14.2,14.2,2607525,GVR
2022-12-13,14.2,14.44,13.72,14.39,2309719,GVR
2022-12-14,14.59,15.16,14.3,14.87,3425777,GVR
2022-12-15,14.78,15.35,14.68,14.97,2768256,GVR
2022-12-16,14.68,15.69,14.68,15.16,3948097,GVR
2022-12-19,15.16,15.5,14.68,14.68,2375805,GVR
2022-12-20,14.59,14.78,13.67,13.72,3358734,GVR
2022-12-21,13.72,14.2,12.96,13.63,2087268,GVR
2022-12-22,13.96,14.01,13.53,13.91,885179,GVR
2022-12-23,13.87,14.15,13.58,13.77,1189683,GVR
2022-12-26,13.67,13.82,12.81,12.81,1934794,GVR
2022-12-27,12.81,13.67,12.81,13.67,1260892,GVR
2022-12-28,13.82,13.87,13.48,13.63,656756,GVR
2022-12-29,13.63,13.67,13.24,13.24,665219,GVR
2022-12-30,13.34,13.53,13.2,13.24,576466,GVR
2023-01-03,13.24,14.01,13.24,14.01,2167358,GVR
2023-01-04,14.11,14.39,13.87,14.25,1944955,GVR
2023-01-05,14.3,14.59,14.2,14.3,3014780,GVR
2023-01-06,14.44,14.49,13.53,13.82,2609170,GVR
2023-01-09,14.06,14.11,13.58,13.82,1739586,GVR
2023-01-10,13.63,13.87,13.43,13.82,1555292,GVR
2023-01-11,13.82,14.11,13.82,13.91,1965985,GVR
2023-01-12,14.06,14.3,13.91,14.2,2004575,GVR
2023-01-13,14.35,14.49,13.96,13.96,2036201,GVR
2023-01-16,14.01,14.59,13.87,14.59,3508348,GVR
2023-01-17,14.68,15.11,14.68,15.11,3920425,GVR
2023-01-18,15.21,15.4,14.92,15.35,2818565,GVR
2023-01-19,15.4,15.64,15.26,15.64,2761017,GVR
2023-01-27,16.12,16.36,15.79,16.17,2607166,GVR
2023-01-30,16.51,16.51,15.83,15.83,3338082,GVR
2023-01-31,15.35,16.12,15.26,16.03,3560097,GVR
2023-02-01,16.22,16.22,14.92,14.92,2983983,GVR
2023-02-02,15.07,15.07,14.39,14.63,2191528,GVR
2023-02-03,14.63,14.87,14.44,14.78,1556852,GVR
2023-02-06,14.73,14.97,14.59,14.97,1201970,GVR
2023-02-07,15.11,15.11,14.2,14.2,2466551,GVR
2023-02-08,14.39,14.68,13.96,14.15,1594878,GVR
2023-02-09,14.2,14.59,14.2,14.35,1331025,GVR
2023-02-10,14.39,14.39,14.01,14.06,1425382,GVR
2023-02-13,13.96,14.06,13.24,13.43,2727409,GVR
2023-02-14,13.63,13.72,13.39,13.58,1157477,GVR
2023-02-15,13.63,14.06,13.48,13.91,1371833,GVR
2023-02-16,14.15,14.2,13.91,14.15,1167971,GVR
2023-02-17,14.15,14.39,14.01,14.11,1149311,GVR
2023-02-20,14.25,14.83,14.15,14.83,2360929,GVR
2023-02-21,14.87,15.11,14.73,14.73,1979608,GVR
2023-02-22,14.59,14.63,13.96,13.96,2358228,GVR
2023-02-23,13.96,14.2,13.63,14.2,2487187,GVR
2023-02-24,14.2,14.2,13.72,13.72,956433,GVR
2023-02-27,13.67,13.72,13.39,13.39,1276041,GVR
2023-02-28,13.53,13.72,13.29,13.39,899140,GVR
2023-03-01,13.43,13.82,13.34,13.82,980998,GVR
2023-03-02,13.87,14.06,13.67,13.67,969514,GVR
2023-03-03,13.82,13.96,13.53,13.53,1054758,GVR
2023-03-06,13.91,14.06,13.63,13.63,931226,GVR
2023-03-07,13.67,13.87,13.67,13.82,560496,GVR
2023-03-08,13.67,13.91,13.58,13.91,1543172,GVR
2023-03-09,13.96,14.68,13.96,14.54,3766344,GVR
2023-03-10,14.39,14.68,14.3,14.39,2676715,GVR
2023-03-13,14.2,14.44,14.15,14.35,2604110,GVR
2023-03-14,14.35,14.39,13.72,13.72,2160858,GVR
2023-03-15,14.11,14.59,13.96,14.59,2069708,GVR
2023-03-16,14.39,14.49,14.06,14.25,1713790,GVR
2023-03-17,14.39,14.49,14.2,14.3,1286065,GVR
2023-03-20,14.2,14.3,13.67,13.77,1912547,GVR
2023-03-21,13.82,13.96,13.53,13.87,1120010,GVR
2023-03-22,13.96,14.06,13.87,13.91,1128503,GVR
2023-03-23,13.72,13.96,13.72,13.91,835233,GVR
2023-03-24,14.06,14.44,14.01,14.2,2474920,GVR
2023-03-27,14.3,14.39,14.2,14.3,1528916,GVR
2023-03-28,14.44,14.54,14.2,14.2,2684573,GVR
2023-03-29,14.2,14.25,14.01,14.15,1237612,GVR
2023-03-30,14.39,14.39,14.11,14.11,1527041,GVR
2023-03-31,14.11,14.87,14.06,14.87,5445097,GVR
2023-04-03,15.11,15.31,14.97,15.31,3792289,GVR
2023-04-04,15.26,15.31,15.07,15.31,2975933,GVR
2023-04-05,15.26,15.69,15.16,15.55,3493402,GVR
2023-04-06,15.64,15.74,14.97,14.97,4859467,GVR
2023-04-07,15.07,15.26,14.87,15.26,2323859,GVR
2023-04-10,15.45,15.64,15.26,15.26,3130634,GVR
2023-04-11,15.26,15.59,15.07,15.59,2590794,GVR
2023-04-12,15.88,16.12,15.64,15.69,4955606,GVR
2023-04-13,15.74,15.79,15.31,15.31,2229457,GVR
2023-04-14,15.35,15.4,14.68,14.68,4568242,GVR
2023-04-17,14.68,14.87,14.59,14.78,1376296,GVR
2023-04-18,14.87,14.97,14.68,14.87,1661235,GVR
2023-04-19,14.97,15.02,14.39,14.44,1690681,GVR
2023-04-20,14.25,14.68,14.25,14.54,1198876,GVR
2023-04-21,14.49,14.73,14.49,14.49,1201899,GVR
2023-04-24,14.54,14.68,14.35,14.68,758310,GVR
2023-04-25,14.73,14.87,14.44,14.49,1300439,GVR
2023-04-26,14.49,14.73,14.39,14.73,1124824,GVR
2023-04-27,14.83,15.16,14.73,14.83,2552525,GVR
2023-04-28,14.92,15.07,14.87,14.92,1442282,GVR
2023-05-04,14.78,15.16,14.78,15.07,2126902,GVR
2023-05-05,15.07,15.11,14.83,14.87,1471044,GVR
2023-05-08,14.92,15.59,14.92,15.55,4532918,GVR
2023-05-09,15.64,15.83,15.5,15.5,3003650,GVR
2023-05-10,15.59,16.17,15.59,16.17,7680764,GVR
2023-05-11,16.22,16.27,15.98,16.03,3501262,GVR
2023-05-12,15.98,16.6,15.88,16.12,4278619,GVR
2023-05-15,16.31,16.31,15.5,15.5,4436417,GVR
2023-05-16,15.55,15.64,15.11,15.35,4175626,GVR
2023-05-17,15.5,15.55,15.21,15.21,2517642,GVR
2023-05-18,15.26,15.45,15.16,15.21,2303863,GVR
2023-05-19,15.26,15.59,15.21,15.59,2491687,GVR
2023-05-22,15.64,15.98,15.59,15.83,2542534,GVR
2023-05-23,15.88,15.93,15.59,15.74,2721414,GVR
2023-05-24,15.83,15.83,15.45,15.45,2388897,GVR
2023-05-25,15.4,16.17,15.4,16.07,5278322,GVR
2023-05-26,16.31,16.7,16.17,16.51,5413047,GVR
2023-05-29,16.51,17.47,16.36,17.47,6082897,GVR
2023-05-30,17.56,17.75,17.13,17.66,4575927,GVR
2023-05-31,17.71,17.71,17.27,17.47,3138011,GVR
2023-06-01,17.61,18.14,17.37,18.04,4253773,GVR
2023-06-02,18.19,18.23,17.85,18.14,2718094,GVR
2023-06-05,18.04,18.14,17.47,17.61,5242682,GVR
2023-06-06,17.47,18.04,17.37,17.99,2652837,GVR
2023-06-07,18.14,18.14,17.71,17.8,3305239,GVR
2023-06-08,17.95,18.52,17.27,17.27,6662740,GVR
2023-06-09,17.32,17.51,16.89,17.32,3482808,GVR
2023-06-12,17.37,17.47,16.99,17.42,3929322,GVR
2023-06-13,17.51,17.66,17.32,17.66,2888187,GVR
2023-06-14,17.75,17.9,17.18,17.18,3037737,GVR
2023-06-15,17.23,17.47,17.08,17.32,2114167,GVR
2023-06-16,17.51,17.8,17.08,17.08,4287569,GVR
2023-06-19,17.13,17.42,16.99,17.18,1976746,GVR
2023-06-20,17.27,18.04,17.27,18.04,3514721,GVR
2023-06-21,18.14,18.71,17.9,18.71,7491888,GVR
2023-06-22,18.86,18.86,18.43,18.57,2913150,GVR
2023-06-23,18.57,18.71,18.19,18.23,3352488,GVR
2023-06-26,18.23,18.81,17.75,18.81,4849821,GVR
2023-06-27,18.9,19.1,18.66,18.81,3249798,GVR
2023-06-28,18.81,19.0,18.38,18.52,2681900,GVR
2023-06-29,18.33,18.62,18.19,18.28,2832257,GVR
2023-06-30,18.38,18.62,18.09,18.62,3109014,GVR
2023-07-03,18.76,19.34,18.66,19.34,5805807,GVR
2023-07-04,19.29,19.48,19.14,19.48,2822469,GVR
2023-07-05,19.53,19.86,19.29,19.29,5029729,GVR
2023-07-06,19.29,19.91,19.14,19.86,4825362,GVR
2023-07-07,19.77,20.44,19.58,20.39,3954540,GVR
2023-07-10,20.39,20.73,20.2,20.39,4115941,GVR
2023-07-11,20.54,20.82,20.39,20.63,3499014,GVR
2023-07-12,20.73,20.73,20.34,20.73,3023086,GVR
2023-07-13,20.63,20.82,20.54,20.78,2505400,GVR
2023-07-14,20.82,20.82,20.49,20.73,2386637,GVR
2023-07-17,20.63,21.4,20.58,21.11,2699195,GVR
2023-07-18,21.21,21.21,20.82,20.97,1472994,GVR
2023-07-19,20.92,21.4,20.82,20.82,3177695,GVR
2023-07-20,20.82,20.92,20.2,20.63,3170221,GVR
2023-07-21,20.73,21.35,20.49,21.11,2070748,GVR
2023-07-24,21.3,21.59,21.02,21.3,1993405,GVR
2023-07-25,21.3,21.4,20.92,20.92,2336673,GVR
2023-07-26,20.92,21.02,20.63,20.73,2299821,GVR
2023-07-27,20.68,20.92,20.58,20.82,2588108,GVR
2023-07-28,20.87,21.26,20.68,21.11,3956235,GVR
2023-07-31,21.4,21.69,21.11,21.45,2666234,GVR
2023-08-01,21.5,21.64,21.06,21.11,3020641,GVR
2023-08-02,20.92,21.11,20.82,21.02,2040633,GVR
2023-08-03,21.02,21.45,20.82,20.92,1908215,GVR
2023-08-04,21.02,21.11,20.78,21.02,2348220,GVR
2023-08-07,21.11,21.88,21.11,21.78,4318394,GVR
2023-08-08,21.88,21.93,21.45,21.69,2682817,GVR
2023-08-09,21.59,21.78,21.26,21.26,2607167,GVR
2023-08-10,21.16,21.35,20.58,20.58,3054230,GVR
2023-08-11,20.58,20.78,19.67,20.25,3907310,GVR
2023-08-14,20.54,20.78,20.3,20.68,2159423,GVR
2023-08-15,20.73,20.97,20.58,20.58,2437392,GVR
2023-08-16,20.49,20.78,20.49,20.49,2035917,GVR
2023-08-17,20.63,20.82,20.39,20.44,2629784,GVR
2023-08-18,20.39,20.44,19.05,19.05,4870113,GVR
2023-08-21,18.71,18.76,18.09,18.52,3049842,GVR
2023-08-22,18.33,18.71,17.47,18.28,2987559,GVR
2023-08-23,18.71,18.81,18.38,18.43,1001652,GVR
2023-08-24,18.43,19.05,18.38,19.0,1837707,GVR
2023-08-25,19.0,19.14,18.81,18.86,1643485,GVR
2023-08-28,19.0,19.43,18.86,19.38,2408126,GVR
2023-08-29,19.62,20.01,19.53,19.82,2320360,GVR
2023-08-30,19.82,20.01,19.38,19.86,2165064,GVR
2023-08-31,20.01,20.97,19.91,20.97,5977340,GVR
2023-09-05,21.35,21.45,20.97,21.11,3269992,GVR
2023-09-06,21.26,21.3,20.78,21.11,3422885,GVR
2023-09-07,21.3,21.93,21.3,21.5,5153171,GVR
2023-09-08,21.26,22.26,21.26,21.78,3405303,GVR
2023-09-11,22.31,22.31,20.87,20.87,4407696,GVR
2023-09-12,21.02,21.78,20.78,21.78,2385856,GVR
2023-09-13,21.88,22.26,21.3,21.4,5667562,GVR
2023-09-14,21.54,21.59,21.06,21.11,2619325,GVR
2023-09-15,21.4,22.07,21.02,21.69,3131372,GVR
2023-09-18,21.83,21.88,20.68,21.26,4331747,GVR
2023-09-19,21.16,21.4,20.82,21.4,2540947,GVR
2023-09-20,21.54,22.17,21.3,22.17,6507179,GVR
2023-09-21,22.36,22.74,22.12,22.26,4685217,GVR
2023-09-22,21.98,21.98,20.97,20.97,5376967,GVR
2023-09-25,20.92,21.5,19.53,19.53,4891590,GVR
2023-09-26,19.48,19.96,18.19,18.19,7148840,GVR
2023-09-27,18.33,19.05,17.8,19.05,4360241,GVR
2023-09-28,19.05,19.05,18.62,18.81,2073689,GVR
2023-09-29,19.1,19.34,18.71,18.71,1956612,GVR
2023-10-02,18.9,19.58,18.71,19.58,2741282,GVR
2023-10-03,19.19,19.34,18.23,18.23,3931917,GVR
2023-10-04,18.28,18.95,18.04,18.71,2047354,GVR
2023-10-05,18.9,19.48,18.86,19.0,4017096,GVR
2023-10-06,19.0,19.53,18.66,19.38,2400329,GVR
2023-10-09,19.58,19.82,19.24,19.58,2436722,GVR
2023-10-10,19.82,19.82,19.24,19.24,3351018,GVR
2023-10-11,19.29,19.86,19.24,19.86,2187608,GVR
2023-10-12,19.91,20.3,19.91,20.01,3523396,GVR
2023-10-13,19.82,20.58,19.77,20.54,4294356,GVR
2023-10-16,20.58,21.06,20.44,20.58,3659405,GVR
2023-10-17,20.78,21.02,19.38,19.38,3993122,GVR
2023-10-18,19.77,20.15,18.71,19.19,3601228,GVR
2023-10-19,19.05,19.67,18.9,19.19,3131399,GVR
2023-10-20,19.29,19.86,18.66,19.67,2896796,GVR
2023-10-23,19.72,19.77,18.76,18.95,2483134,GVR
2023-10-24,19.1,19.67,18.9,19.62,1732473,GVR
2023-10-25,19.72,20.06,19.67,19.67,2487317,GVR
2023-10-26,19.19,19.48,18.33,18.33,4304203,GVR
2023-10-27,18.71,18.71,17.56,18.52,1472355,GVR
2023-10-30,18.52,18.52,17.27,17.27,2345732,GVR
2023-10-31,17.47,17.47,16.17,16.22,2314022,GVR
2023-11-01,16.22,16.7,15.79,16.6,1479989,GVR
2023-11-02,16.84,17.75,16.84,17.75,2148977,GVR
2023-11-03,17.9,17.95,17.47,17.75,1245921,GVR
2023-11-06,17.85,18.04,17.51,17.75,939545,GVR
2023-11-07,17.61,18.19,17.42,17.71,1632416,GVR
2023-11-08,17.75,18.9,17.61,18.9,2533465,GVR
2023-11-09,19.1,19.38,18.81,18.9,2562806,GVR
2023-11-10,18.52,19.14,18.52,18.57,2241643,GVR
2023-11-13,18.71,18.86,18.38,18.66,1634086,GVR
2023-11-14,19.0,19.0,18.57,18.9,1361626,GVR
2023-11-15,19.62,19.62,19.05,19.05,2589671,GVR
2023-11-16,19.24,19.24,18.95,19.24,936719,GVR
2023-11-17,19.34,19.88,18.66,19.0,3492775,GVR
2023-11-20,18.76,19.63,18.56,19.54,2993351,GVR
2023-11-21,19.83,19.83,19.39,19.59,1339010,GVR
2023-11-22,19.63,19.73,19.34,19.68,3150811,GVR
2023-11-23,19.88,19.88,18.85,18.85,2777357,GVR
2023-11-24,18.85,19.1,18.32,19.1,2201679,GVR
2023-11-27,19.15,19.34,18.85,18.85,1345519,GVR
2023-11-28,18.95,19.15,18.46,19.15,1256509,GVR
2023-11-29,19.24,19.44,19.1,19.39,1370165,GVR
2023-11-30,19.34,19.93,19.34,19.54,3409592,GVR
2023-12-01,19.54,19.73,19.34,19.68,1180241,GVR
2023-12-04,19.88,20.37,19.83,20.12,3142349,GVR
2023-12-05,20.17,20.37,19.98,20.12,2610430,GVR
2023-12-06,20.22,20.32,20.03,20.32,1854398,GVR
2023-12-07,20.32,20.32,19.49,19.73,3410614,GVR
2023-12-08,19.73,19.93,19.54,19.59,1284664,GVR
2023-12-11,19.68,19.88,19.54,19.88,1128982,GVR
2023-12-12,19.98,20.22,19.88,19.88,1283996,GVR
2023-12-13,19.88,20.07,19.49,19.49,1918512,GVR
2023-12-14,19.68,19.73,19.34,19.39,1055474,GVR
2023-12-15,19.39,19.63,19.19,19.44,961930,GVR
2023-12-18,19.44,19.44,19.0,19.0,1003737,GVR
2023-12-19,19.0,19.15,18.76,19.15,1244340,GVR
2023-12-20,19.19,19.39,19.05,19.29,789545,GVR
2023-12-21,19.24,19.49,19.19,19.44,958317,GVR
2023-12-22,19.59,19.78,19.44,19.78,1996294,GVR
2023-12-25,19.83,19.93,19.59,19.73,1477756,GVR
2023-12-26,19.78,20.03,19.73,19.83,1790753,GVR
2023-12-27,19.83,20.03,19.73,19.78,1276099,GVR
2023-12-28,19.88,20.03,19.68,19.83,1830464,GVR
2023-12-29,19.98,20.81,19.98,20.71,7485872,GVR
2024-01-02,20.95,20.95,20.42,20.46,2681890,GVR
2024-01-03,20.42,21.39,20.32,21.1,4321988,GVR
2024-01-04,21.0,21.25,20.9,20.9,2913195,GVR
2024-01-05,21.0,21.44,20.95,21.29,2869417,GVR
2024-01-08,21.49,21.49,21.0,21.0,1879255,GVR
2024-01-09,21.15,21.15,20.51,20.9,3127599,GVR
2024-01-10,20.86,21.1,20.61,21.1,1653803,GVR
2024-01-11,21.1,21.15,20.66,20.71,1700122,GVR
2024-01-12,20.51,20.71,19.83,19.93,3547100,GVR
2024-01-15,20.07,20.42,19.93,20.07,2018225,GVR
2024-01-16,20.03,20.46,20.03,20.46,1320362,GVR
2024-01-17,20.46,20.95,20.42,20.71,2064038,GVR
2024-01-18,20.71,20.9,20.46,20.61,1785284,GVR
2024-01-19,20.61,21.15,20.61,20.81,2035242,GVR
2024-01-22,20.95,20.95,20.37,20.56,2143545,GVR
2024-01-23,20.46,20.56,20.32,20.42,1485782,GVR
2024-01-24,20.37,20.81,20.37,20.42,1074604,GVR
2024-01-25,20.42,20.51,20.32,20.42,664267,GVR
2024-01-26,20.51,20.95,20.46,20.95,2436649,GVR
2024-01-29,21.1,22.17,21.1,21.98,6730869,GVR
2024-01-30,21.98,22.76,21.73,22.42,3699669,GVR
2024-01-31,22.56,22.56,21.49,21.88,4075054,GVR
2024-02-01,21.93,23.4,21.93,23.4,5951322,GVR
2024-02-02,23.93,24.32,23.69,24.03,5670173,GVR
2024-02-05,24.23,24.76,23.74,24.47,5142493,GVR
2024-02-06,24.47,24.96,24.23,24.62,2649482,GVR
2024-02-07,24.62,24.81,24.37,24.76,2758053,GVR
2024-02-15,24.81,24.96,24.18,24.37,4640893,GVR
2024-02-16,24.32,26.03,24.27,26.03,7575594,GVR
2024-02-19,26.33,27.55,26.18,26.18,5354890,GVR
2024-02-20,26.28,27.55,25.74,27.55,5441175,GVR
2024-02-21,27.6,27.84,27.06,27.5,3978147,GVR
2024-02-22,27.45,27.64,27.11,27.3,2742218,GVR
2024-02-23,27.45,27.64,26.18,26.91,5828216,GVR
2024-02-26,26.86,28.43,26.67,28.13,7031061,GVR
2024-02-27,28.23,28.72,27.99,28.23,3319996,GVR
2024-02-28,28.23,29.21,27.79,28.23,5554165,GVR
2024-02-29,28.23,28.23,27.5,27.94,4999963,GVR
2024-03-01,27.94,28.57,27.35,28.47,4189691,GVR
2024-03-04,28.96,30.04,28.77,29.11,6029394,GVR
2024-03-05,28.82,29.26,28.67,29.01,2288960,GVR
2024-03-06,28.87,28.96,28.13,28.23,3516363,GVR
2024-03-07,28.18,28.52,27.99,28.43,3416035,GVR
2024-03-08,28.91,29.11,27.84,28.33,5531822,GVR
2024-03-11,28.33,29.65,28.33,28.87,5769843,GVR
2024-03-12,28.87,30.87,28.82,30.87,9494505,GVR
2024-03-13,31.45,32.24,31.06,31.55,3677330,GVR
2024-03-14,31.55,32.38,31.06,32.04,4829823,GVR
2024-03-15,32.04,33.8,31.65,33.8,5680581,GVR
2024-03-18,33.8,34.97,31.45,31.8,13921542,GVR
2024-03-19,31.99,33.11,31.16,31.8,5440927,GVR
2024-03-20,31.89,32.24,31.45,32.04,4026589,GVR
2024-03-21,32.53,32.63,31.84,32.48,4066537,GVR
2024-03-22,32.63,32.92,31.99,32.48,5649200,GVR
2024-03-25,32.04,32.43,30.87,31.16,6123029,GVR
2024-03-26,31.16,33.26,31.11,33.11,5041959,GVR
2024-03-27,33.11,33.11,32.24,32.63,2582849,GVR
2024-03-28,32.77,32.82,32.24,32.28,3196256,GVR
2024-03-29,32.24,32.92,32.14,32.38,3229674,GVR
2024-04-01,32.38,32.58,31.89,32.19,3764524,GVR
2024-04-02,32.04,34.43,31.99,34.43,10184749,GVR
2024-04-03,34.24,34.38,33.46,33.46,3902337,GVR
2024-04-04,33.36,33.6,32.33,32.33,5223942,GVR
2024-04-05,32.04,32.24,30.77,30.77,7356049,GVR
2024-04-08,30.87,31.65,30.57,30.97,3620190,GVR
2024-04-09,31.26,31.6,30.87,31.55,2031205,GVR
2024-04-10,31.7,31.75,30.87,30.92,2557102,GVR
2024-04-11,30.48,31.55,30.43,31.16,2723762,GVR
2024-04-12,31.21,31.5,30.92,31.26,2990242,GVR
2024-04-15,31.26,32.48,29.11,29.11,7401194,GVR
2024-04-16,29.3,29.65,28.62,29.65,5271483,GVR
2024-04-17,29.99,29.99,27.99,27.99,4712356,GVR
2024-04-19,26.86,28.72,26.86,27.45,5883275,GVR
2024-04-22,28.23,28.38,27.55,28.04,2523350,GVR
2024-04-23,27.99,28.23,26.42,26.96,4114748,GVR
2024-04-24,27.45,28.82,27.2,28.82,6237441,GVR
2024-04-25,29.01,29.3,28.47,28.72,3441565,GVR
2024-04-26,28.38,29.74,28.38,29.3,3971670,GVR
2024-05-02,29.3,29.65,28.57,29.3,3825407,GVR
2024-05-03,29.6,29.6,28.67,28.72,3959373,GVR
2024-05-06,29.16,30.53,28.82,30.48,6484421,GVR
2024-05-07,30.57,31.01,30.09,30.72,3852895,GVR
2024-05-08,30.28,31.41,29.79,30.97,5304778,GVR
2024-05-09,31.06,31.94,30.87,31.01,5782746,GVR
2024-05-10,31.06,31.16,30.48,30.92,3562584,GVR
2024-05-13,31.06,31.5,30.57,31.26,3375177,GVR
2024-05-14,31.45,32.09,31.36,31.75,4216822,GVR
2024-05-15,32.09,32.09,31.55,31.99,3873903,GVR
2024-05-16,32.24,32.63,31.75,31.8,4269646,GVR
2024-05-17,31.65,33.36,31.55,32.58,6325118,GVR
2024-05-20,32.87,33.7,32.72,32.82,5488563,GVR
2024-05-21,32.82,32.97,32.14,32.58,4042387,GVR
2024-05-22,33.02,33.16,31.84,32.04,5202951,GVR
2024-05-23,31.84,32.67,31.65,32.63,4459502,GVR
2024-05-24,32.24,34.19,32.04,33.46,12311917,GVR
2024-05-27,33.41,35.12,32.77,34.43,7434247,GVR
2024-05-28,34.68,34.78,34.14,34.78,4465496,GVR
2024-05-29,34.73,36.05,33.99,34.09,6871586,GVR
2024-05-30,33.51,35.41,33.26,35.17,8155218,GVR
2024-05-31,35.26,35.36,34.34,34.34,2635995,GVR
2024-06-03,34.87,34.87,34.19,34.19,4509000,GVR
2024-06-04,34.19,34.92,34.14,34.29,3284074,GVR
2024-06-05,34.68,35.46,34.29,34.34,4620183,GVR
2024-06-06,34.38,34.63,33.8,33.99,3063593,GVR
2024-06-07,34.09,34.38,33.99,34.19,2124683,GVR
2024-06-10,34.43,35.9,34.43,35.36,6189529,GVR
2024-06-11,35.46,35.61,34.43,34.78,4493203,GVR
2024-06-12,34.58,34.97,34.24,34.92,3276656,GVR
2024-06-13,35.12,35.12,34.48,34.53,3581691,GVR
2024-06-14,34.58,34.87,32.24,32.24,5511489,GVR
2024-06-17,32.63,33.11,32.24,32.58,5121554,GVR
2024-06-18,33.02,33.51,32.72,33.16,2556320,GVR
2024-06-19,33.16,33.21,32.63,32.82,3075412,GVR
2024-06-20,32.72,33.21,32.63,33.21,2559527,GVR
2024-06-21,33.21,34.04,33.21,33.75,3666515,GVR
2024-06-24,33.26,33.6,32.24,32.24,4721207,GVR
2024-06-25,32.48,32.92,32.24,32.82,2337372,GVR
2024-06-26,33.16,35.12,32.82,35.12,10262696,GVR
2024-06-27,35.12,35.95,34.48,35.17,6494668,GVR
2024-06-28,35.17,35.21,32.72,33.41,7379059,GVR
2024-07-01,33.41,33.65,32.82,33.51,3248985,GVR
2024-07-02,33.65,33.99,33.36,33.8,2053189,GVR
2024-07-03,33.8,34.29,33.6,33.8,3128411,GVR
2024-07-04,33.7,34.73,33.36,34.19,5656673,GVR
2024-07-05,34.19,34.63,33.8,34.29,3119041,GVR
2024-07-08,34.53,35.65,34.29,35.65,6639629,GVR
2024-07-09,36.53,37.61,36.29,37.12,8139491,GVR
2024-07-10,37.27,37.41,36.14,36.14,5597548,GVR
2024-07-11,36.63,36.92,35.8,36.09,3803036,GVR
2024-07-12,36.09,37.31,35.85,37.02,5395224,GVR
2024-07-15,37.02,38.1,36.73,37.61,4634143,GVR
2024-07-16,37.61,37.85,36.92,37.31,3258070,GVR
2024-07-17,37.31,37.31,34.73,34.73,10721086,GVR
2024-07-18,34.73,35.61,33.99,35.21,3849734,GVR
2024-07-19,35.21,35.21,33.65,33.7,5134806,GVR
2024-07-22,33.21,33.31,31.84,31.99,6235952,GVR
2024-07-23,32.24,32.67,29.89,29.89,3979857,GVR
2024-07-24,29.89,31.94,29.4,31.94,5007335,GVR
2024-07-25,31.94,32.28,31.31,32.24,1940394,GVR
2024-07-26,32.28,33.07,32.14,32.33,2931835,GVR
2024-07-29,32.72,32.72,32.33,32.72,2070999,GVR
2024-07-30,32.82,33.02,31.75,32.48,2019908,GVR
2024-07-31,32.48,32.97,32.09,32.24,2860313,GVR
2024-08-01,32.43,32.48,30.23,30.67,3736390,GVR
2024-08-02,29.99,31.65,29.99,31.6,2310026,GVR
2024-08-05,30.97,31.55,29.4,29.4,4196393,GVR
2024-08-06,30.57,31.01,29.7,30.62,3086232,GVR
2024-08-07,30.77,31.89,30.57,31.8,4144043,GVR
2024-08-08,31.36,32.04,30.92,31.16,3008195,GVR
2024-08-09,31.84,32.04,31.5,31.75,2929062,GVR
2024-08-12,31.8,32.67,31.65,32.43,2728947,GVR
2024-08-13,32.43,32.48,31.99,32.33,1987568,GVR
2024-08-14,32.43,33.02,32.14,32.63,2925460,GVR
2024-08-15,32.53,32.53,31.84,31.89,1955480,GVR
2024-08-16,32.24,34.04,32.19,33.75,4687238,GVR
2024-08-19,33.8,34.14,33.7,33.94,2027146,GVR
2024-08-20,33.85,34.78,33.65,34.29,3132047,GVR
2024-08-21,34.29,34.48,33.8,34.43,2077802,GVR
2024-08-22,34.78,34.78,33.9,33.99,2105135,GVR
2024-08-23,33.99,34.63,33.8,34.63,2070340,GVR
2024-08-26,35.26,35.36,34.24,34.24,1971335,GVR
2024-08-27,34.19,34.29,33.9,34.14,1420570,GVR
2024-08-28,34.38,35.26,34.24,34.82,4324289,GVR
2024-08-29,34.92,35.07,34.48,34.48,874865,GVR
2024-08-30,34.53,34.97,34.43,34.53,1249929,GVR
2024-09-04,33.99,34.14,32.63,33.9,3843698,GVR
2024-09-05,34.04,34.09,33.07,33.11,2269872,GVR
2024-09-06,32.92,33.8,32.87,33.7,1688659,GVR
2024-09-09,33.65,33.9,33.21,33.7,1066788,GVR
2024-09-10,33.8,34.04,33.11,33.31,1779291,GVR
2024-09-11,33.31,33.75,32.82,33.31,1828062,GVR
2024-09-12,33.6,34.34,33.51,33.75,2147812,GVR
2024-09-13,33.99,33.99,33.6,33.8,845105,GVR
2024-09-16,33.9,34.38,33.8,34.09,3307682,GVR
2024-09-17,34.09,34.78,33.94,34.78,2886416,GVR
2024-09-18,35.02,35.51,34.73,34.73,3877871,GVR
2024-09-19,34.87,34.97,34.38,34.87,2641242,GVR
2024-09-20,35.46,35.46,34.68,34.78,2375948,GVR
2024-09-23,34.78,34.87,34.48,34.73,1808882,GVR
2024-09-24,34.58,35.46,34.58,35.31,3635208,GVR
2024-09-25,35.51,35.61,35.12,35.17,3795161,GVR
2024-09-26,35.65,36.05,35.26,35.56,3547965,GVR
2024-09-27,35.8,35.8,35.07,35.17,2616113,GVR
2024-09-30,35.26,35.26,34.78,34.92,1845888,GVR
2024-10-01,35.26,35.8,35.07,35.17,4112192,GVR
2024-10-02,35.07,35.75,35.07,35.31,2573427,GVR
2024-10-03,35.36,35.61,34.34,34.73,3457186,GVR
2024-10-04,34.92,34.92,34.09,34.09,2302334,GVR
2024-10-07,34.19,34.38,33.75,33.99,1553834,GVR
2024-10-08,33.99,34.53,33.99,34.24,1379523,GVR
2024-10-09,34.43,34.82,34.43,34.82,1841384,GVR
2024-10-10,34.97,35.31,34.82,34.82,2463508,GVR
2024-10-11,34.87,35.07,34.43,34.68,2129099,GVR
2024-10-14,35.07,35.61,34.78,35.46,4003825,GVR
2024-10-15,35.46,35.61,34.78,34.92,2211292,GVR
2024-10-16,34.87,35.26,34.78,35.26,2254099,GVR
2024-10-17,35.26,35.26,34.53,35.17,2684205,GVR
2024-10-18,35.17,35.9,34.97,35.02,4560006,GVR
2024-10-21,35.02,35.17,34.38,34.38,1962798,GVR
2024-10-22,34.48,34.53,31.99,32.97,8189810,GVR
2024-10-23,33.07,33.07,32.28,32.72,2836347,GVR
2024-10-24,32.82,33.02,31.94,32.14,3869841,GVR
2024-10-25,32.33,32.33,31.45,31.5,2906223,GVR
2024-10-28,31.55,31.94,31.36,31.75,2185363,GVR
2024-10-29,32.04,32.28,31.89,32.19,1809430,GVR
2024-10-30,32.19,32.43,31.84,31.94,1422017,GVR
2024-10-31,32.04,32.24,31.89,32.14,1348438,GVR
2024-11-01,31.94,31.94,31.31,31.55,2877084,GVR
2024-11-04,31.75,31.75,30.72,30.82,2649411,GVR
2024-11-05,31.06,31.6,30.92,31.36,2157211,GVR
2024-11-06,31.75,33.07,31.65,32.97,4994283,GVR
2024-11-07,33.21,33.21,32.33,32.58,3118099,GVR
2024-11-08,32.63,32.82,32.09,32.14,3288744,GVR
2024-11-11,32.14,32.63,31.94,32.63,2588341,GVR
2024-11-12,32.67,32.92,32.14,32.14,2060294,GVR
2024-11-13,31.94,32.19,31.6,31.8,2498775,GVR
2024-11-14,32.04,32.04,30.91,31.06,2778266,GVR
2024-11-15,30.76,31.35,30.37,30.56,3098519,GVR
2024-11-18,30.56,31.11,29.87,30.71,2510232,GVR
2024-11-19,30.76,30.96,29.92,29.97,2308895,GVR
2024-11-20,29.97,30.86,29.58,30.37,2658083,GVR
2024-11-21,30.37,30.86,30.17,30.76,1808963,GVR
2024-11-22,30.66,30.86,30.42,30.46,1786607,GVR
2024-11-25,30.46,30.76,30.37,30.46,2183288,GVR
2024-11-26,30.56,31.15,30.56,30.86,2766343,GVR
2024-11-27,31.06,31.06,30.71,30.81,1370263,GVR
2024-11-28,30.86,31.35,30.86,30.91,2402288,GVR
2024-11-29,30.91,31.06,30.76,30.86,1809744,GVR
2024-12-02,31.06,31.25,30.91,31.01,1918743,GVR
2024-12-03,31.15,31.15,30.46,30.46,2570063,GVR
2024-12-04,30.46,30.56,29.92,29.92,2917055,GVR
2024-12-05,29.97,31.06,29.68,30.91,2958852,GVR
2024-12-06,31.06,32.34,30.91,31.6,5689983,GVR
2024-12-09,31.65,31.84,31.55,31.65,2154488,GVR
2024-12-10,31.8,31.84,31.25,31.3,1803800,GVR
2024-12-11,31.3,31.5,30.81,31.01,2910558,GVR
2024-12-12,31.15,31.75,31.15,31.2,2560824,GVR
2024-12-13,31.15,31.2,30.91,30.96,1143247,GVR
2024-12-16,30.96,31.15,30.61,30.76,1316396,GVR
2024-12-17,31.01,31.01,30.66,30.66,948972,GVR
2024-12-18,30.66,30.91,30.61,30.91,763527,GVR
2024-12-19,30.46,30.71,30.32,30.46,2229350,GVR
2024-12-20,30.56,30.76,30.42,30.46,957027,GVR
2024-12-23,30.86,31.01,30.27,30.42,1804025,GVR
2024-12-24,30.42,30.71,30.22,30.27,1862555,GVR
2024-12-25,30.42,31.06,30.42,30.66,2093550,GVR
2024-12-26,30.86,30.86,30.42,30.46,1144995,GVR
2024-12-27,30.46,30.76,30.27,30.27,1610072,GVR
2024-12-30,30.27,30.27,30.12,30.12,1071596,GVR
2024-12-31,30.22,30.22,29.92,29.92,1178849,GVR
2025-01-02,30.07,30.37,30.02,30.07,947196,GVR
2025-01-03,30.17,30.32,29.87,29.87,1620431,GVR
2025-01-06,29.87,30.17,28.99,28.99,2128369,GVR
2025-01-07,29.03,29.28,27.61,27.9,3867767,GVR
2025-01-08,27.9,28.79,27.16,28.25,2447201,GVR
2025-01-09,28.39,28.69,28.2,28.2,1109209,GVR
2025-01-10,28.2,28.44,27.61,27.61,1212964,GVR
2025-01-13,27.75,27.85,27.21,27.7,947666,GVR
2025-01-14,27.7,27.95,27.36,27.36,902122,GVR
2025-01-15,27.75,27.85,27.46,27.8,680829,GVR
2025-01-16,28.1,28.34,27.9,28.05,730755,GVR
2025-01-17,28.0,28.79,28.0,28.34,1314877,GVR
2025-01-20,28.74,28.74,28.25,28.3,1013728,GVR
2025-01-21,28.44,28.59,28.0,28.0,1030680,GVR
2025-01-22,28.05,28.2,27.61,27.61,1363133,GVR
2025-01-23,27.61,28.3,27.61,28.05,1462329,GVR
2025-01-24,28.2,28.54,28.2,28.39,1613858,GVR
2025-02-03,28.54,29.48,28.39,28.84,2990490,GVR
2025-02-04,29.13,29.23,28.89,29.08,1365155,GVR
2025-02-05,29.13,29.33,28.89,29.03,1267058,GVR
2025-02-06,29.28,29.28,28.74,28.79,1350371,GVR
2025-02-07,28.79,29.53,28.69,28.99,2297720,GVR
2025-02-10,28.99,28.99,28.39,28.39,1700032,GVR
2025-02-11,28.54,28.54,28.25,28.49,1080047,GVR
2025-02-12,28.74,28.89,28.34,28.34,958618,GVR
2025-02-13,28.39,29.18,28.34,29.03,2969095,GVR
2025-02-14,29.38,30.56,29.33,29.92,5566814,GVR
2025-02-17,30.02,30.81,30.02,30.12,4783823,GVR
2025-02-18,30.32,30.42,29.92,30.42,2969918,GVR
2025-02-19,30.76,31.3,30.42,31.2,6111725,GVR
2025-02-20,31.25,32.04,30.96,31.89,6243825,GVR
2025-02-21,31.89,32.04,31.3,31.94,3891813,GVR
2025-02-24,31.99,32.14,31.45,31.99,3296489,GVR
2025-02-25,32.04,32.09,31.4,31.65,2748242,GVR
2025-02-26,31.84,32.44,31.75,32.14,4287939,GVR
2025-02-27,32.09,32.24,31.45,32.24,3127989,GVR
2025-02-28,32.24,33.32,31.89,32.93,6460604,GVR
2025-03-03,33.13,33.18,32.53,32.63,2785246,GVR
2025-03-04,32.53,33.47,32.44,33.03,5966607,GVR
2025-03-05,33.13,33.13,32.53,32.53,2714327,GVR
2025-03-06,32.53,33.52,32.53,33.52,4941113,GVR
2025-03-07,33.52,33.62,33.03,33.03,3002226,GVR
2025-03-10,33.13,33.22,32.68,32.83,2627673,GVR
2025-03-11,32.53,32.98,31.84,32.93,3158553,GVR
2025-03-12,32.83,32.93,32.34,32.34,2209827,GVR
2025-03-13,32.44,33.27,32.29,32.53,4502080,GVR
2025-03-14,32.53,33.18,32.49,32.83,4169432,GVR
2025-03-17,32.88,32.98,32.39,32.58,2747802,GVR
2025-03-18,32.73,33.27,32.49,32.93,4242068,GVR
2025-03-19,32.93,34.85,32.83,34.31,8595395,GVR
2025-03-20,34.51,34.51,33.52,34.01,2370919,GVR
2025-03-21,34.01,34.8,33.87,34.06,4103469,GVR
2025-03-24,34.06,34.11,33.22,33.67,2534861,GVR
2025-03-25,33.82,34.85,33.42,34.11,4847827,GVR
2025-03-26,34.01,34.41,33.77,34.01,2814629,GVR
2025-03-27,34.06,34.65,34.01,34.46,3999509,GVR
2025-03-28,34.56,35.1,34.31,34.31,4682906,GVR
2025-03-31,34.16,34.31,31.94,31.94,9071007,GVR
2025-04-01,31.99,32.29,31.15,31.4,3789490,GVR
2025-04-02,31.5,31.84,31.25,31.45,1931385,GVR
2025-04-03,29.28,29.68,29.28,29.28,3335367,GVR
2025-04-04,27.26,27.26,27.26,27.26,1439876,GVR
2025-04-08,25.39,25.39,25.39,25.39,463949,GVR
2025-04-09,23.61,23.61,23.61,23.61,461306,GVR
2025-04-10,25.24,25.24,25.24,25.24,2524160,GVR
2025-04-11,24.15,26.42,23.51,25.63,10911962,GVR
2025-04-14,26.87,26.92,25.44,25.83,4549466,GVR
2025-04-15,25.19,25.63,24.06,24.06,6824536,GVR
2025-04-16,23.76,24.65,23.17,23.17,6429424,GVR
2025-04-17,23.02,24.06,23.02,23.86,4876226,GVR
2025-04-18,24.45,24.45,24.15,24.15,3255112,GVR
2025-04-21,24.15,24.25,23.27,23.37,2934287,GVR
2025-04-22,23.27,23.32,21.74,21.99,6825001,GVR
2025-04-23,22.53,23.27,21.39,22.82,6049790,GVR
2025-04-24,23.07,24.15,22.97,23.22,5769683,GVR
2025-04-25,23.32,23.66,23.22,23.46,3553720,GVR
2025-04-28,23.66,23.66,22.82,23.17,2734904,GVR
2025-04-29,23.17,23.66,22.97,23.37,3079458,GVR
2025-05-05,23.76,24.55,23.66,24.5,5922262,GVR
2025-05-06,24.8,24.8,23.96,23.96,4009517,GVR
2025-05-07,23.86,24.8,23.86,24.5,4380621,GVR
2025-05-08,24.8,26.18,24.75,26.18,10069737,GVR
2025-05-09,26.62,26.82,25.93,26.27,5756090,GVR
2025-05-12,26.42,27.75,26.37,27.56,8101003,GVR
2025-05-13,27.95,28.44,27.85,28.25,6546364,GVR
2025-05-14,28.3,28.3,27.46,27.61,5548621,GVR
2025-05-15,27.7,27.9,27.06,27.7,4573492,GVR
2025-05-16,27.7,27.8,27.31,27.31,2695307,GVR
2025-05-19,27.11,27.65,26.82,26.82,3457318,GVR
2025-05-20,26.82,27.61,26.62,27.31,3286032,GVR
2025-05-21,27.56,27.56,26.77,26.92,2847728,GVR
2025-05-22,26.87,27.31,26.47,26.47,3667348,GVR
2025-05-23,26.62,26.82,26.27,26.62,1814851,GVR
2025-05-26,26.82,28.44,26.13,28.44,7427616,GVR
2025-05-27,28.99,29.08,28.69,28.99,5069828,GVR
2025-05-28,29.08,29.97,28.84,29.23,5841890,GVR
2025-05-29,29.87,29.87,28.94,28.99,4319563,GVR
2025-05-30,29.08,29.08,28.2,28.3,3263743,GVR
2025-06-02,28.15,28.94,28.15,28.89,3276248,GVR
2025-06-03,28.99,29.23,28.84,29.08,3374560,GVR
2025-06-04,29.28,29.43,28.64,28.74,2091745,GVR
2025-06-05,28.79,29.28,28.69,28.79,2329925,GVR
2025-06-06,28.84,29.28,27.9,27.95,2887849,GVR
2025-06-09,28.05,28.25,26.96,27.31,2842952,GVR
2025-06-10,27.51,28.1,27.36,27.75,1651452,GVR
2025-06-11,28.05,28.05,27.21,27.36,1333805,GVR
2025-06-12,27.61,28.39,27.61,28.15,2197994,GVR
2025-06-13,27.7,27.9,26.62,26.82,5882285,GVR
2025-06-16,26.82,27.61,26.82,27.61,1589115,GVR
2025-06-17,27.8,28.49,27.65,28.49,4714881,GVR
2025-06-18,28.59,29.03,28.34,28.59,3838965,GVR
2025-06-19,28.59,30.02,28.59,29.48,7156944,GVR
2025-06-20,29.53,29.53,28.69,28.79,2307983,GVR
2025-06-23,28.44,30.37,28.05,29.38,4687192,GVR
2025-06-24,29.77,29.77,29.03,29.23,5254645,GVR
2025-06-25,29.58,30.91,29.28,30.37,6561375,GVR
2025-06-26,30.37,30.46,29.82,30.07,1934084,GVR
2025-06-27,30.37,30.66,29.92,29.92,2312614,GVR
2025-06-30,30.12,30.51,29.72,29.87,2515931,GVR
2025-07-01,30.22,30.86,29.97,30.71,5300591,GVR
2025-07-02,30.76,31.94,30.66,30.81,4474878,GVR
2025-07-03,30.02,30.22,28.84,29.18,13347430,GVR
2025-07-04,29.18,29.48,28.69,28.89,5122983,GVR
2025-07-07,29.28,29.68,29.13,29.33,2776956,GVR
2025-07-08,30.07,30.12,29.38,29.58,4328957,GVR
2025-07-09,29.82,29.82,29.38,29.43,3951834,GVR
2025-07-10,29.48,30.22,29.33,29.68,5200904,GVR
2025-07-11,29.87,30.02,29.58,29.58,3278090,GVR
2025-07-14,29.87,30.46,29.23,30.22,5705997,GVR
2025-07-15,30.27,30.42,29.68,29.68,4109514,GVR
2025-07-16,29.77,29.87,29.43,29.43,4024621,GVR
2025-07-17,29.68,30.27,29.48,29.63,6705136,GVR
2025-07-18,30.07,30.71,29.72,29.97,6176693,GVR
2025-07-21,30.17,30.86,30.02,30.17,5347354,GVR
2025-07-22,30.07,30.27,29.68,30.02,3677594,GVR
2025-07-23,30.22,30.76,30.17,30.61,6918717,GVR
2025-07-24,31.06,31.7,30.61,31.2,6631329,GVR
2025-07-25,31.4,31.4,30.76,30.76,5449637,GVR
2025-07-28,30.86,31.5,30.61,30.96,9790328,GVR
2025-07-29,31.35,31.55,29.08,29.08,9995140,GVR
2025-07-30,29.13,29.68,28.54,29.08,4903428,GVR
2025-07-31,29.97,30.51,29.23,29.68,5842961,GVR
2025-08-01,29.87,30.07,29.18,29.28,3683577,GVR
2025-08-04,29.18,29.82,29.18,29.48,2428745,GVR
2025-08-05,29.58,30.51,28.39,29.53,6633464,GVR
2025-08-06,29.63,29.97,29.38,29.82,4245956,GVR
2025-08-07,30.46,31.45,30.32,30.66,8827938,GVR
2025-08-08,30.81,30.91,29.92,30.17,5322158,GVR
2025-08-11,30.22,32.24,30.22,32.14,16559582,GVR
2025-08-12,32.49,32.49,31.45,31.99,5990009,GVR
2025-08-13,32.14,32.73,31.55,32.19,9520035,GVR
2025-08-14,32.24,32.34,31.45,31.65,7605288,GVR
2025-08-15,31.99,32.14,30.81,30.96,6852162,GVR
2025-08-18,30.96,31.75,30.86,31.3,4976753,GVR
2025-08-19,31.55,31.8,31.11,31.2,4567919,GVR
2025-08-20,31.4,32.39,30.71,31.75,9691361,GVR
2025-08-21,32.14,32.98,31.2,31.25,6931240,GVR
2025-08-22,31.01,31.01,29.08,29.08,9186133,GVR
2025-08-25,29.48,29.58,27.95,28.0,4993563,GVR
2025-08-26,28.1,28.84,27.85,28.79,3731531,GVR
2025-08-27,28.99,29.18,28.59,28.74,2713848,GVR
2025-08-28,29.03,29.03,28.64,28.79,2644341,GVR
2025-08-29,28.84,28.94,28.59,28.64,3349784,GVR
2025-09-03,28.64,29.28,28.59,28.89,2777263,GVR
2025-09-04,29.08,29.28,28.89,29.08,3338736,GVR
2025-09-05,29.38,30.37,29.28,29.38,7749949,GVR
2025-09-08,29.87,29.87,28.39,28.39,4602371,GVR
2025-09-09,28.39,28.59,28.0,28.2,2426075,GVR
2025-09-10,28.49,28.49,27.85,27.9,2813349,GVR
2025-09-11,28.2,28.39,27.61,28.34,2592523,GVR
2025-09-12,28.49,29.28,28.39,28.94,2262559,GVR
2025-09-15,29.08,29.58,28.94,29.43,2737645,GVR
2025-09-16,29.72,29.72,29.03,29.03,2092016,GVR
2025-09-17,29.08,29.18,28.49,28.49,2607586,GVR
2025-09-18,28.59,28.59,28.2,28.39,1616087,GVR
2025-09-19,28.69,28.69,28.2,28.2,1524770,GVR
2025-09-22,28.3,28.44,27.85,27.9,1377972,GVR
2025-09-23,28.3,28.3,27.7,27.7,842945,GVR
2025-09-24,27.75,28.2,27.61,28.2,1005832,GVR
2025-09-25,28.39,28.59,28.2,28.39,1188315,GVR
2025-09-26,28.54,28.59,28.1,28.1,1301884,GVR
2025-09-29,28.2,28.3,27.85,27.85,828205,GVR
2025-09-30,27.85,27.9,27.06,27.31,2053621,GVR
2025-10-01,27.36,27.61,27.36,27.46,691290,GVR
2025-10-02,27.51,27.65,26.77,26.92,1754714,GVR
2025-10-03,27.11,27.11,26.27,26.32,2385244,GVR
2025-10-06,26.92,27.16,26.52,27.16,2310467,GVR
2025-10-07,27.26,27.51,26.92,26.96,991213,GVR
2025-10-08,27.31,27.46,26.92,27.06,1031132,GVR
2025-10-09,27.11,28.15,26.77,27.61,3677523,GVR
2025-10-10,28.05,28.1,27.61,27.65,2164959,GVR
2025-10-13,27.51,28.54,27.46,28.1,3582796,GVR
2025-10-14,28.34,28.34,27.41,27.46,2469085,GVR
2025-10-15,27.46,27.65,26.87,27.06,2562074,GVR
2025-10-16,27.21,27.31,26.72,26.82,3630153,GVR
2025-10-17,27.01,27.26,26.72,26.72,2040568,GVR
2025-10-20,26.62,26.92,24.89,24.89,3353509,GVR
2025-10-21,24.65,25.53,24.15,25.04,3058754,GVR
2025-10-22,25.34,26.13,25.19,26.13,2129615,GVR
2025-10-23,26.32,26.37,25.73,25.73,873690,GVR
2025-10-24,25.83,26.62,25.63,26.18,1638175,GVR
2025-10-27,26.72,27.75,26.72,27.01,3943370,GVR
2025-10-28,27.11,27.21,26.37,27.16,1415432,GVR
2025-10-29,27.36,28.2,27.06,27.7,3916058,GVR
2025-10-30,27.9,28.15,27.21,27.95,3351034,GVR
2025-10-31,27.95,29.08,27.75,28.64,7007592,GVR
2025-11-03,28.69,29.03,27.95,27.95,5173385,GVR
2025-11-04,28.1,28.54,26.96,28.34,3731606,GVR
2025-11-05,28.05,29.08,28.05,28.64,4807552,GVR
2025-11-06,29.23,29.48,28.3,28.3,3787283,GVR
2025-11-07,28.25,28.64,27.41,27.41,3198100,GVR
2025-11-10,27.7,28.3,27.36,27.56,2281977,GVR
2025-11-11,27.8,27.9,27.31,27.51,1512230,GVR
2025-11-12,27.7,28.1,27.56,28.05,1675172,GVR
2025-11-13,28.2,29.1,28.2,28.5,3908389,GVR
2025-11-14,28.5,28.95,28.3,28.4,2270392,GVR
2025-11-17,28.8,29.25,28.5,29.1,4637848,GVR
2025-11-18,29.1,29.15,28.25,28.25,4241456,GVR
2025-11-19,28.35,28.7,27.65,28.0,2918112,GVR
2025-11-20,28.1,28.45,27.55,28.0,1873357,GVR
2025-11-21,27.65,27.95,27.45,27.8,1916549,GVR
2025-11-24,28.0,28.1,27.7,27.7,885479,GVR
2025-11-25,27.6,28.1,27.0,27.1,2659117,GVR
2025-11-26,27.15,27.8,27.15,27.5,1192000,GVR
2025-11-27,27.55,27.9,27.5,27.9,1797500,GVR
2025-11-28,27.9,27.9,27.25,27.3,2071100,GVR
2025-12-01,27.35,27.6,26.7,26.7,1889700,GVR
2025-12-02,26.4,27.8,26.4,27.75,2666600,GVR
2025-12-03,27.75,27.9,27.45,27.7,2066500,GVR
2025-12-04,27.7,28.3,27.7,27.85,2234700,GVR
2025-12-05,28.0,28.0,27.2,27.4,3578600,GVR
2025-12-08,27.45,27.55,26.8,26.95,3507000,GVR
2025-12-09,26.9,27.15,26.55,26.9,2669000,GVR
2025-12-10,26.8,27.1,26.75,26.75,1098300,GVR
2025-12-11,26.8,27.0,26.6,26.65,1028300,GVR
2025-12-12,26.7,26.8,25.1,25.3,2898000,GVR
2025-12-15,25.3,26.0,25.25,25.6,1872800,GVR
2025-12-16,25.8,26.5,25.6,26.5,1904800,GVR
2025-12-17,26.5,26.65,26.2,26.3,1757900,GVR
2025-12-18,26.3,26.65,26.2,26.55,1115700,GVR
2025-12-19,26.5,26.75,26.45,26.45,855000,GVR
2025-12-22,26.45,26.8,26.45,26.6,1127300,GVR
2025-12-23,26.65,26.85,26.25,26.25,1072000,GVR
2025-12-24,26.4,26.6,25.9,26.0,1436000,GVR
2025-12-25,26.0,26.25,25.65,25.65,1031900,GVR
2025-12-26,25.55,25.95,25.2,25.5,1406500,GVR
2025-12-29,25.6,26.2,25.6,26.0,1106300,GVR
2025-12-30,26.2,26.9,26.15,26.6,2111300,GVR
2025-12-31,26.6,26.8,26.2,26.2,1021300,GVR
